Person 0,BDU,YDT,RAK,SJU,VAS
Person 1,NSH,ACA,MDQ,VVO,BNE
Person 2,FCA,VDA,JSY,JMO,FAR
Person 3,OBN,HOW,ANB,HOJ,YQU
Person 4,GAU,CCL,LBJ,MME,ACR
Person 5,DDC,KHD,THR,OCV,NMB
Person 6,NAS,TKF,COC,DSE,ZGU
Person 7,TTB,FYV,TXG,MOG,GRZ
Person 8,SLF,YPI,BWF,HKG,NDY
Person 9,VAR,LLW,LBR,ESH,BID
Person 10,FAV,EWN,GAI,CZX,BKX
Person 11,23M,ZSJ,YLS,BME,YLC
Person 12,HBX,LVR,PAB,KLO,SLE
Person 13,BXB,ZRA,BFP,MEB,BGR
Person 14,YHC,LRR,CIO,RGA,PHO
Person 15,YVB,BEP,NYU,AIM,ETH
Person 16,WPU,XKL,HIF,IKO,PXO
Person 17,NAV,NTG,PHF,MCH,WMI
Person 18,YGW,E91,SJY,ORJ,YGV
Person 19,YTF,AZN,TGM,BIL,SPD
Person 20,YWK,TMR,YUT,BGR,FTI
Person 21,TRI,VEL,BFO,SAL,DEC
Person 22,MIB,VRY,PBL,GOV,1A3
Person 23,SVL,INJ,MCT,PSV,SKF
Person 24,CCU,GIC,DPS,KOI,CGH
Person 25,DNK,TKI,CEK,CPS,PLY
Person 26,LYT,BVE,DAB,PCP,MGR
Person 27,CXH,VRN,WJA,OMS,LAQ
Person 28,CYF,LIP,KRW,SLV,AVK
Person 29,OTI,AGA,TTU,CJL,KEM
Person 30,LIR,AMC,UTH,CUQ,CPT
Person 31,OWD,CTS,FIG,ABX,OLM
Person 32,FTW,BGM,XBE,CPX,FPO
Person 33,BHN,ATK,C91,A50,SBA
Person 34,BVI,NLA,PBM,RHP,LRF
Person 35,MLU,MTF,ALM,ZAD,KSJ
Person 36,SCH,2H0,XZK,JKG,VOK
Person 37,TUC,VAO,XFL,MBL,BKZ
Person 38,SAL,JMK,AMY,LAY,BIV
Person 39,DZM,KMG,MRD,LAQ,KDV
Person 40,ME5,AYQ,SIR,FIH,KZS
Person 41,END,ONX,TMN,OMO,TFI
Person 42,TND,INL,SJT,TWU,AKS
Person 43,GHB,CKL,HOW,CDA,TOP
Person 44,WVB,MQC,CVM,DVT,LZN
Person 45,KPR,NYT,HKT,PGV,MOL
Person 46,NGS,FBU,CIL,AKD,HUE
Person 47,ESX,KAD,ROV,25D,BLI
Person 48,KXF,LAZ,LBB,JAL,CFE
Person 49,YAO,JDF,IVC,ZWA,YAC
Person 50,ISG,LPP,WXN,KEN,EIL
Person 51,OKO,CVG,MCL,HET,WKA
Person 52,DWH,ISE,YYQ,BIV,FNJ
Person 53,PEK,GKY,ZBM,URY,TAI
Person 54,MRQ,VLU,PXO,CYU,GTE
Person 55,TRE,YCC,OHR,EGN,CGZ
Person 56,PLO,LVK,BTI,TMM,PWK
Person 57,AAC,KIT,BJP,YST,BAG
Person 58,ELV,LPX,RAP,NOB,UNG
Person 59,ROO,LGO,KDU,NLA,URY
Person 60,JUL,TWA,SIK,YSM,MHX
Person 61,ABV,SHY,CSO,VCV,DOU
Person 62,MRD,SAC,PMR,PES,BVY
Person 63,OLC,TOG,BYK,SAK,AKC
Person 64,36U,SUA,YWK,SBG,YRG
Person 65,OPO,ACP,FUE,CMP,TRW
Person 66,KAJ,ILI,GHB,PSS,ECG
Person 67,NTB,KHH,BEZ,LTA,CFD
Person 68,AGN,MDW,VCT,AVP,PAS
Person 69,WAQ,LSP,PQI,GBJ,ART
Person 70,GRY,LDN,PXO,RKZ,KSF
Person 71,BTE,BHK,HGN,YUT,XVF
Person 72,TKF,SLI,MFK,DIU,TWB
Person 73,24J,CTL,HRT,XCR,WUZ
Person 74,MOH,JLR,HNL,BJS,HDM
Person 75,KCT,XTL,PVD,CBH,SML
Person 76,GEN,BGA,CHU,LHR,PER
Person 77,MKE,BUU,URE,APN,JMO
Person 78,ROT,PQC,RGN,CLL,BAF
Person 79,LPU,OFF,YQV,PTA,AVO
Person 80,APG,ZVE,SXQ,MPI,IDA
Person 81,YDL,KCT,GPT,ORW,PSP
Person 82,YBW,FSD,N69,OKJ,JAQ
Person 83,GAL,VRL,SMR,MYW,IMM
Person 84,MQC,SSI,KUK,WSP,MKU
Person 85,SLY,AJU,CPO,LGU,BOY
Person 86,OUL,MTN,CUM,ISK,GTI
Person 87,NRK,DGT,NYG,BJO,SHM
Person 88,YZS,HVN,PUU,RCL,ZSY
Person 89,IWD,TJQ,TBU,CSC,CEJ
Person 90,YQQ,DKR,MDU,MOL,MEZ
Person 91,VAG,PER,RNI,TLU,TJQ
Person 92,REI,VGA,FRI,CTY,WOE
Person 93,HUL,SCN,ROD,MCO,MDS
Person 94,SSC,NVP,YQC,CZL,NAT
Person 95,MEG,FOK,KRK,BFL,ATT
Person 96,GLO,XEV,YEV,EGN,ZSA
Person 97,BFP,PNM,FBS,SPN,KMS
Person 98,RFP,KAX,JER,BVC,LGS
Person 99,YSB,KJP,EHL,PAS,BSB
Person 100,SCU,AYK,ELE,PSS,AEB
Person 101,IKA,GYI,BII,MIR,HON
Person 102,MOG,BDB,MZM,SDE,TAC
Person 103,SES,BAH,ZMA,NQY,YZX
Person 104,COG,QSC,MKG,FAN,SKU
Person 105,BEZ,DAQ,LLV,MMZ,ELQ
Person 106,PKZ,LAI,MBL,BOD,KHE
Person 107,SQQ,YFA,PHA,TCG,MEI
Person 108,PNL,BWB,FYT,TAL,JDO
Person 109,YER,TIH,BKA,UTK,IHU
Person 110,DVL,KGA,CHO,TTB,KFP
Person 111,ARH,INY,FZI,SSN,KZR
Person 112,PFR,JOK,CEG,JUI,C89
Person 113,XSP,TEE,PKE,YYF,BEG
Person 114,BVI,BIU,AGC,SXQ,IGG
Person 115,BLH,TKQ,APG,WME,VIJ
Person 116,BHM,NAS,NGU,AER,HOI
Person 117,SBD,RHE,VHM,POM,NGQ
Person 118,JMK,MON,IXZ,NNR,LAI
Person 119,ENY,STZ,FDF,BOC,CWA
Person 120,BIG,FMN,SFJ,PAX,SVQ
Person 121,LRM,BIO,CDN,HLD,ELH
Person 122,BNS,MIM,BBX,UGO,KWJ
Person 123,PBM,ING,IFP,YZP,ARI
Person 124,BLF,YSD,VNS,PNY,CIU
Person 125,USH,LLK,IXZ,PGX,DMB
Person 126,AAX,MIA,PMP,1H2,PSH
Person 127,TPI,PEA,40J,MPK,SZZ
Person 128,JDZ,AIZ,UVA,FRE,LTD
Person 129,PFB,STV,CAH,NYA,GKN
Person 130,IDY,ZRT,GVL,ECP,SYY
Person 131,QQS,38W,CLO,KZR,BCO
Person 132,MFD,GYU,POE,TUA,AEA
Person 133,BNP,FWA,LRS,SAF,SVA
Person 134,AUY,AGU,KER,RNP,KFB
Person 135,ROD,IXC,BQL,MZR,CIL
Person 136,MNL,X07,KRP,WIC,OAR
Person 137,FLF,YFA,DUS,LSS,YZS
Person 138,SLQ,FIG,MPN,NTQ,CXO
Person 139,JIW,YLL,CYI,NOU,AEH
Person 140,IDA,GET,WBQ,PHC,WLK
Person 141,TKU,AKR,ABY,FLD,GSE
Person 142,JZH,YUX,SBM,ILZ,UYL
Person 143,HBE,CVQ,KEZ,BEL,EPU
Person 144,WEH,CCH,AGL,MRB,GEV
Person 145,ULH,MQS,SUB,SWT,UBA
Person 146,SOQ,PAX,PLD,KJI,UET
Person 147,HRB,XCM,CNW,MZM,LPU
Person 148,TUO,BKM,WEI,RDM,BID
Person 149,VRU,YHS,EVW,BLJ,PXM
Person 150,GIF,YWP,RKE,GPT,OBU
Person 151,GYI,CTJ,NOI,LAR,YQQ
Person 152,AZI,BZG,DQH,PFJ,VPE
Person 153,QYX,WIC,TEF,PVK,ALL
Person 154,TPQ,SJK,OZC,IPA,CZM
Person 155,JLN,UCT,ZPQ,DMA,YCO
Person 156,CAG,KLU,ZKB,DOG,NYN
Person 157,MAA,QFD,BRX,TVF,KZI
Person 158,VPC,AMQ,LAO,IND,YRQ
Person 159,N87,AAE,SCZ,DTW,FTA
Person 160,ZGH,KOX,MVD,RUN,LAF
Person 161,NCA,VPS,GZT,MJC,FAA
Person 162,INN,ZIG,LYX,CUQ,OLZ
Person 163,NTB,WSZ,HAC,BYM,ALI
Person 164,BZI,IPC,PTK,FSM,HIJ
Person 165,CME,BOS,AKV,KHN,CCV
Person 166,GED,LAY,AAZ,NZJ,DMA
Person 167,MTR,TIE,MKR,JDO,DAL
Person 168,FWA,LNO,EIN,OUL,PXM
Person 169,JEG,HGL,AMH,BOJ,BPT
Person 170,MAS,HGL,MLJ,PDV,FAB
Person 171,CBT,LMO,RZA,PSM,LON
Person 172,PPN,PHY,LBG,STX,LNV
Person 173,BEP,BIA,YPD,ELM,TMC
Person 174,SVW,TDG,SGY,UNN,GEL
Person 175,LME,MHT,IRG,YEK,IND
Person 176,TEF,SOC,VAM,A50,SGJ
Person 177,OSH,SFA,GZM,TIQ,ABI
Person 178,HOF,CRK,MLT,HBX,NAP
Person 179,CGR,OKF,HAK,FAI,MOS
Person 180,LBP,PIZ,COI,ONQ,MEX
Person 181,HOU,ELC,RND,SFD,GTI
Person 182,EAM,NCE,GKL,SIC,MPU
Person 183,NYU,ZGU,SHJ,WTL,PEQ
Person 184,ATW,NFG,DUT,YZR,LXA
Person 185,PAP,CND,PBM,MAK,ALS
Person 186,IFN,TIP,CKB,END,SKS
Person 187,FNT,BOR,NDU,BEB,BAV
Person 188,MEH,ANI,HDD,EAA,AGH
Person 189,RBD,ALJ,MLU,TBH,WUN
Person 190,CEJ,LZN,HAS,NYK,LBJ
Person 191,HUH,UIO,UKK,MEL,TAS
Person 192,VRK,TWF,SKO,KHH,SPI
Person 193,ULY,DHB,TUN,TGU,TAK
Person 194,GIF,FFO,SCC,QPZ,YXY
Person 195,MXT,RZE,KLO,IXS,KBZ
Person 196,LEL,XFW,ZQW,MCP,SEH
Person 197,IAN,NEW,TRR,RUN,DOU
Person 198,FTY,MHA,CPH,INU,DGE
Person 199,ELF,ORH,ADY,LEX,BHM
Person 200,ZAZ,LLA,MCZ,TDL,GCI
Person 201,UAS,DAM,BIX,WKJ,PIP
Person 202,NIU,ELL,STK,PJA,TPJ
Person 203,DCM,NZH,LBS,GZA,WAG
Person 204,MVB,YLS,APL,ATD,29D
Person 205,HGS,MIK,MCW,CSX,YXR
Person 206,SFA,INC,ZAJ,BTK,GNA
Person 207,HZK,CSY,CFE,MUW,SWT
Person 208,CUF,PZO,WJA,YQB,PAX
Person 209,RDS,CZU,MNL,TJS,CZS
Person 210,CZS,YCY,KRB,LPT,LSW
Person 211,KHD,MBD,EUG,BED,XZK
Person 212,BAF,KGS,VVZ,UBB,IXS
Person 213,KGP,CKV,NIP,ESN,TVF
Person 214,TBJ,YUM,CWC,CWI,SQQ
Person 215,YXD,PAR,LBI,JEE,VIC
Person 216,BRL,SNP,PIO,ALC,MWM
Person 217,HYV,DLG,LTU,ZSF,BPX
Person 218,DHM,CFU,TPQ,TTQ,AIE
Person 219,BPS,C91,LDB,GSQ,BAX
Person 220,MRU,YHD,YXR,GEG,POI
Person 221,ULI,ATH,C91,MRO,TAP
Person 222,MFM,NLG,CPD,RIY,MCZ
Person 223,YBG,HAC,PUS,DMM,TEE
Person 224,HFN,JLD,NOE,PPE,VNA
Person 225,TMJ,COJ,IVA,KPO,NBO
Person 226,CET,LXY,FRN,UGA,VCP
Person 227,BDS,SAP,HUI,SKU,CAX
Person 228,CMN,BJM,OGS,MMX,MXH
Person 229,TBP,SFQ,IGM,RRG,YQA
Person 230,BCO,GOM,YFB,KOS,NZY
Person 231,SVU,MNM,ELH,OMM,TND
Person 232,QNX,ABQ,TLN,YQH,TKS
Person 233,YAB,TRC,TBF,GQQ,SXF
Person 234,YUS,JUV,XYE,HEA,CMK
Person 235,CEJ,PEF,UMR,ELY,BDT
Person 236,TLS,HLH,KRF,NOV,AGE
Person 237,RUT,POZ,YYR,HLZ,CSY
Person 238,SBN,ILG,BWI,TEQ,GNB
Person 239,QWC,RUS,BPR,CGO,WPR
Person 240,FBU,BWO,DIY,CYW,NHK
Person 241,GTA,DXR,E51,IRK,JVA
Person 242,X07,EYW,TZX,STV,SEE
Person 243,NHV,WNH,TOM,PZI,ESX
Person 244,KDI,VDE,PNK,JGA,YFH
Person 245,SGO,SCX,KUA,PDP,RJN
Person 246,MPH,MRN,EIN,JNZ,LTN
Person 247,ATD,GUW,TXN,TKU,XZK
Person 248,FRD,BGM,FAB,CBV,PTB
Person 249,EAU,OMD,MGL,TCE,END
Person 250,ZTY,BFT,BKS,MNX,MNJ
Person 251,GLD,RXS,YBC,RTW,SLV
Person 252,JAN,HWO,HUU,FAJ,TKA
Person 253,DBQ,MXX,LWM,ARM,DVA
Person 254,CWT,MGL,MHV,MSS,DKX
Person 255,BHX,OKB,YRS,BGS,HIR
Person 256,PMV,OXF,SIC,SWP,AUW
Person 257,TBH,BSK,IVR,ORN,LOP
Person 258,QBC,BEJ,LUK,YPN,YST
Person 259,BFS,IFL,YRG,AGA,URC
Person 260,MLY,NAG,WMX,PMW,RKH
Person 261,HKY,MYW,TIQ,DNN,ZNA
Person 262,SEY,YQD,KEH,WMN,NTN
Person 263,FFZ,E51,HVA,PBO,LAK
Person 264,VCP,BHQ,LYB,RHD,AXU
Person 265,BGO,NAI,NTR,ZRJ,GDE
Person 266,PEW,ZIG,YVR,BRI,TOY
Person 267,CSY,MLO,2A0,RGI,YAO
Person 268,OAJ,KTR,MSZ,PFO,NCE
Person 269,ALH,FCO,BPF,IDR,WAL
Person 270,KGG,DAT,KAO,VVZ,JOT
Person 271,KMS,CXJ,WVN,CKH,TAN
Person 272,CZE,HND,HIW,PDT,QFO
Person 273,LPB,KVK,SIK,KNO,LYM
Person 274,IXJ,06N,TCS,PUR,OMH
Person 275,KRK,MVF,AES,SEH,ISW
Person 276,KUM,CIL,SSI,EPU,DUM
Person 277,UBA,LHD,CPB,LPG,BZB
Person 278,XKS,GIF,EUF,ZIN,LHX
Person 279,SVW,OME,ROD,PTP,BFX
Person 280,TPL,GUS,YNA,LEV,ISC
Person 281,2G9,ISK,ALB,HLD,EXM
Person 282,HOB,MXT,SUI,MMB,WEL
Person 283,KAN,LDO,KMJ,TPP,SLL
Person 284,KTN,HIA,BDL,NGE,KLL
Person 285,MNU,JGD,MLX,KTF,RKZ
Person 286,EQY,TNO,EAS,YQH,ROI
Person 287,YKN,MAV,JUV,LYH,WEL
Person 288,GAL,GLS,BXB,TMU,AKA
Person 289,KUA,WKL,SOC,XAC,POA
Person 290,HFA,KHE,BOU,NLT,OKY
Person 291,GED,ADZ,ADW,S30,KLW
Person 292,VLL,YEG,SHV,THR,GML
Person 293,ONB,GNT,YST,KMP,TUW
Person 294,TPP,MKU,CID,AIT,RGI
Person 295,QXB,RCM,ODE,E55,LKP
Person 296,ALL,OAM,LEX,MYP,RIR
Person 297,KSJ,YCT,ADE,DRW,BYS
Person 298,FRL,PCM,HUA,HLA,IQQ
Person 299,PRV,YEM,BTM,YQF,MGW
Person 300,FDF,TNE,FOD,UMD,GUB
Person 301,AVO,BVI,BWO,SHJ,AUS
Person 302,ZMA,OBC,LAX,CGR,AUJ
Person 303,AFE,BIA,AYK,ERV,SBM
Person 304,POS,TKX,SFB,HFN,JES
Person 305,TUI,IXP,YBI,RBD,RBA
Person 306,YCL,DUD,ZES,BZA,YXS
Person 307,AGI,LWY,NTU,AAZ,RMK
Person 308,TTJ,EXI,MAD,3G3,TVA
Person 309,STW,IKO,KYU,GIS,AUJ
Person 310,KUA,YQQ,YPA,XAD,GYA
Person 311,EHM,LEH,RSD,YJS,ORG
Person 312,TSL,OAX,BHV,VVI,PMB
Person 313,FBS,WVB,SOP,KRL,NEC
Person 314,PTJ,AMY,GUP,QBC,UVA
Person 315,PUB,OPO,TUU,E51,HRL
Person 316,PFQ,LOO,NLF,JRH,INS
Person 317,RMQ,LTT,MWH,IOA,KLN
Person 318,SAQ,HVR,09J,URE,VDB
Person 319,LPA,TID,NAV,SVJ,KRI
Person 320,ERZ,WTA,RIS,RVN,PDV
Person 321,LYS,PKH,PHF,AMZ,THO
Person 322,CDR,AKP,AFL,GLQ,LES
Person 323,DSK,MQX,LCL,DLE,SFL
Person 324,MLW,CHO,HBT,AAZ,LST
Person 325,MPL,TBN,ZRA,JCB,ELP
Person 326,SAH,HOR,MWL,CYW,CNM
Person 327,AFT,RNI,PYJ,UTK,YKU
Person 328,AVV,LHV,JUL,LCA,RAF
Person 329,AKI,TCO,ADL,VNO,YTY
Person 330,DKK,YHB,SRR,MCW,BGI
Person 331,ASF,OBE,KYS,BKZ,PFN
Person 332,YFO,IXA,JLD,LBG,MXT
Person 333,PHC,DAY,W04,GHT,CCF
Person 334,TMS,AVN,KPY,SRA,DRS
Person 335,IXS,PCA,EGV,MCF,LOZ
Person 336,BHF,CFB,HMR,DMK,NLV
Person 337,E25,BCV,VCA,QNJ,ACD
Person 338,ECA,EWB,MDK,HRK,KWE
Person 339,GYM,CQM,KIF,LMC,TRM
Person 340,GKK,KOZ,LHR,JSR,AEP
Person 341,BED,IXC,TND,YSU,DZA
Person 342,YWH,KHD,ZAM,VRC,RCL
Person 343,PJG,SCS,LLI,UGA,ZAD
Person 344,KBU,KTG,KUG,RIK,ONJ
Person 345,BHF,FIH,EOH,WVB,SAC
Person 346,ORG,TCL,AIC,LUR,YIW
Person 347,NCS,YXY,TCL,JIM,HGU
Person 348,ATT,NBO,NRD,KWZ,KBC
Person 349,CXP,CBO,KPR,RMP,ORH
Person 350,CRA,RET,UYN,SGC,OKY
Person 351,VPN,PCP,BRK,NTE,MWL
Person 352,ORE,VSA,YCL,UDR,SFH
Person 353,SRQ,SFN,THN,AZO,TNF
Person 354,GSP,IOR,DXB,GIL,YYY
Person 355,NQT,YAG,PSI,MLI,XQP
Person 356,WNN,YGW,MBZ,WJR,JJI
Person 357,JMY,BMI,HIJ,CTB,ZTR
Person 358,MVF,BPN,PZO,AGT,KAU
Person 359,CHT,YDB,YBO,PAC,CYT
Person 360,PSC,RTA,HKY,DGE,MFR
Person 361,ZWU,AYP,OAM,ALI,PVE
Person 362,CME,GTI,LMP,YBZ,YCG
Person 363,AKR,WTL,YXD,BJL,KGI
Person 364,ZAR,MAU,RYN,GDN,DNL
Person 365,WGE,ONP,VRB,YCR,BFL
Person 366,ZYP,CLD,INS,YHY,IXY
Person 367,SDJ,ZSY,MPN,LUF,SOW
Person 368,VLL,TNG,1B9,UKA,SSX
Person 369,YRJ,BLT,LWT,PZE,BYM
Person 370,POL,SNP,EZE,WUN,YIN
Person 371,TCB,AZN,CMN,FST,MBD
Person 372,DRW,EPM,JED,LEA,LUN
Person 373,GIS,KRO,IXL,PES,RGB
Person 374,BNK,MDE,LJA,KNP,UDG
Person 375,LLA,ZZU,CDG,YRS,DRO
Person 376,ANU,POA,TJQ,DWB,SFN
Person 377,SJW,TGR,MCD,SOD,JHL
Person 378,SIR,WWP,GIL,VPS,ORT
Person 379,CLV,IBZ,GRY,ABT,TOH
Person 380,FYU,YPH,YPE,PLL,RSI
Person 381,FBD,ZFN,THO,DUB,JAX
Person 382,DME,ZTY,GGS,SNR,BDN
Person 383,SIF,RFD,DYG,MXM,SLN
Person 384,ZFN,HOQ,VVO,SMA,NTN
Person 385,C23,YTL,DSN,VDA,LUH
Person 386,YQB,GFN,MEY,WVB,IBZ
Person 387,MXP,LFK,MTF,PDX,JLR
Person 388,ULI,TKK,BCT,VTB,VCA
Person 389,MJK,AGX,PIZ,PAJ,DPL
Person 390,LAP,UTO,AZR,SKU,MOB
Person 391,XYA,YPM,ASJ,MIG,ENA
Person 392,JJI,UND,SSJ,YHS,CHQ
Person 393,SEB,GST,X21,ROP,UKB
Person 394,YCB,RDZ,COC,TRN,PHS
Person 395,KIK,TID,IBA,SLQ,TLS
Person 396,WSJ,MNF,AGM,SCY,GTR
Person 397,CIJ,MSQ,ROV,ORY,NON
Person 398,JER,WTO,ADY,XIL,BEL
Person 399,TNX,GDX,TBO,MMJ,ONB
Person 400,IAD,JMO,DNK,BAH,VMU
Person 401,RDN,CSC,YFX,ADX,MBL
Person 402,YCS,DLG,MDW,GEN,YPO
Person 403,PLS,ADL,EKO,ZML,SWA
Person 404,GOV,KDO,RUS,ERI,MUX
Person 405,MRY,SEE,UTC,FRW,JOK
Person 406,HDO,MQC,YKN,IMP,POE
Person 407,TGR,GDL,JFK,RIL,RUH
Person 408,YBR,WMN,QCU,BSC,MSI
Person 409,UDE,GYI,ARU,TEN,VIC
Person 410,ADF,YBZ,TML,HOI,SGD
Person 411,LGS,AMD,MIG,MLU,YMS
Person 412,FRA,WPB,FLW,APK,CFO
Person 413,OYL,REU,ZGU,JUJ,TCE
Person 414,HRL,MLE,DGO,KSA,QXB
Person 415,TKI,WLH,BFO,IMF,BWD
Person 416,SGU,PUQ,GUR,RUS,TRU
Person 417,HUN,CHR,BJU,PCN,YKL
Person 418,LUH,WAT,IKT,NKG,KLD
Person 419,MYB,KUL,NGE,KHM,GEO
Person 420,MVL,CZM,TCB,TLG,YPR
Person 421,VEE,SWF,IXU,ONB,NFL
Person 422,DRB,MPA,HKY,SCK,EVW
Person 423,TCD,RYG,DTD,AXM,EPU
Person 424,HSV,HST,1RL,YRL,LPS
Person 425,GEU,KNO,PCL,SFD,TXL
Person 426,XFN,YUY,SGD,CQF,ZUM
Person 427,MHK,TKT,DGL,AAU,ULV
Person 428,PTJ,ARE,YCG,REP,JOS
Person 429,YOC,MSI,MUW,TEA,ELG
Person 430,BRT,TNC,BRM,SAY,GYA
Person 431,AAK,LKE,RVV,ORJ,NBB
Person 432,NQT,VSF,YUS,MFX,CTN
Person 433,IUD,CEE,YPH,WNR,HYA
Person 434,LNE,AOJ,PLU,ACR,HAM
Person 435,RMY,MGA,LUQ,PMR,OBN
Person 436,MPV,PKU,ZAM,OCV,PSM
Person 437,ATY,ING,DHN,MOH,LKH
Person 438,VIT,MDS,HVD,KTT,CAP
Person 439,COK,PES,BNY,WTS,PFR
Person 440,WCH,S46,WSZ,PLW,FTU
Person 441,BJO,CSO,KHN,MRX,CVJ
Person 442,23M,ABQ,APA,JYO,BTM
Person 443,CAZ,N87,POF,PLD,TKS
Person 444,XYD,YHY,CCR,TAL,CWA
Person 445,IFJ,DOK,ZWL,FNE,SMA
Person 446,BYM,JHG,HLR,XSI,YMW
Person 447,QNJ,DLU,TME,FST,GVX
Person 448,MGB,WBM,IAH,ZWL,KBW
Person 449,EGX,NNG,SGF,JNB,JSR
Person 450,BMM,KEK,GLJ,YAT,CSA
Person 451,CPC,TNJ,YMS,ZYL,LOU
Person 452,RZE,UTP,KAT,TOW,RKV
Person 453,YVP,XEV,BRI,WNP,RSU
Person 454,NLA,LNO,GWW,BTO,DTM
Person 455,KRW,CIH,OZA,ING,NTD
Person 456,PSU,ZAQ,VAW,KIJ,DXB
Person 457,JSR,ZUH,BPU,GYS,YIV
Person 458,TSV,LAI,TSS,CIO,RIC
Person 459,ROD,W04,LEI,HOM,ZWR
Person 460,CYZ,TDJ,KFP,YBP,EOI
Person 461,CVJ,LZU,OUI,MMX,C47
Person 462,UMP,MVL,YSO,FRU,IDL
Person 463,STC,ONJ,HHA,KDZ,LFR
Person 464,SIF,PGX,OGZ,WJU,ZTB
Person 465,MYD,GDX,AUW,TYE,MIV
Person 466,TIC,SMX,DVD,CNG,AMV
Person 467,BUF,VIG,GXG,NEZ,NAT
Person 468,XDS,HBT,WUS,KRK,EQS
Person 469,MEM,LOS,GHA,DLM,PKR
Person 470,YCB,SYZ,UIB,UVA,NAG
Person 471,AKX,QNJ,ZFA,YQT,LAD
Person 472,PNZ,ILF,PSG,KUG,BOU
Person 473,LEL,FFZ,GMI,YBZ,KNC
Person 474,ATB,ETH,GVR,NAQ,AAM
Person 475,NJK,LIN,NOB,PQQ,STC
Person 476,AGJ,AEY,SWS,ADS,EWD
Person 477,YNY,YRB,KYS,ELH,MIA
Person 478,CEF,JZP,SKN,TUS,YZZ
Person 479,MEA,XFW,IGA,TCG,BEF
Person 480,TWA,CIA,FLL,LCA,PZO
Person 481,CFR,CXJ,NEW,TLV,SSB
Person 482,CZF,QPZ,MNY,LVR,CCL
Person 483,RID,DGT,PDB,BJM,PFJ
Person 484,PVS,MNM,OVB,RES,THL
Person 485,MCW,NFO,MCM,MZV,YOD
Person 486,RXS,KIA,SVN,OIM,PPL
Person 487,HAM,SLP,YDB,NUI,FOD
Person 488,KKJ,LKO,DLG,EUF,FRC
Person 489,BIM,FAI,BKL,OHH,GXG
Person 490,GSB,GLK,DLH,ZTU,URC
Person 491,KAB,OLV,OYG,MWH,LIN
Person 492,OFF,VRA,SEE,EYP,FFO
Person 493,IGM,YUD,BEN,ILZ,SJC
Person 494,MLB,KIA,YYY,SBS,SEL
Person 495,LGL,TPE,C65,PHW,YIO
Person 496,KLO,24J,SYW,EXI,LUR
Person 497,LIR,QOW,CZU,BAB,YKM
Person 498,KBZ,BCD,VGD,LBE,PVE
Person 499,HFD,ABM,PBI,BPC,WYE
Person 500,DZN,PNH,OFF,UCA,MAT
Person 501,SLW,CHY,KEN,KSU,IMB
Person 502,SPR,WUS,MII,NCY,C89
Person 503,OGG,YYB,MBZ,XCH,ENC
Person 504,EEN,DIW,SKV,CEB,FCS
Person 505,CGF,ZWL,AWK,HYA,SOW
Person 506,XCD,NTX,YHO,SKD,OLB
Person 507,HTG,LEJ,THS,UND,IWJ
Person 508,FUS,MNY,DOY,AJI,ME5
Person 509,VIT,LNV,EZE,MSS,DOV
Person 510,CEI,VOH,HKB,IQQ,GCI
Person 511,YGT,MXX,RAM,MCW,MGR
Person 512,SJJ,GAE,NKG,APL,NGE
Person 513,YVT,ZVE,AGC,TAC,YNE
Person 514,ELH,ONT,GYM,LEL,LPL
Person 515,POW,YBI,DAX,SHT,XNA
Person 516,COJ,MUX,IAS,MRZ,CEB
Person 517,KMA,TNJ,CWC,PNB,BZB
Person 518,WWP,SUE,TIY,AUU,SRE
Person 519,BZE,BLK,ABI,AKK,DQH
Person 520,ORE,RCB,IRD,RVV,DAT
Person 521,GRY,YZV,EKI,JWA,UYL
Person 522,MFN,CMF,TTA,JRH,MSN
Person 523,WCH,CUZ,ODE,YJM,1H2
Person 524,VEY,NPE,SEB,VLV,DHR
Person 525,AUS,AUK,FYT,AZ3,PSY
Person 526,KAC,VHC,OSH,LTK,SUI
Person 527,MOS,LYR,BXB,TIM,TEQ
Person 528,TBW,NGX,KIS,CMF,CHR
Person 529,NAG,YGE,PTZ,IGA,PAX
Person 530,QQK,GMP,NOV,EBD,NBB
Person 531,KSD,KWJ,PAH,SLW,YUB
Person 532,MNB,VCL,OHH,MCZ,GFL
Person 533,JZP,KLS,AZA,BBU,SMZ
Person 534,ROA,EET,TBO,ZAT,UNN
Person 535,MZL,IRC,MDY,ING,BAL
Person 536,VGZ,FUG,RWN,QQU,RJK
Person 537,HQM,FUK,CLC,QUA,RIK
Person 538,FRI,NAL,TBZ,CER,ORP
Person 539,AQG,BFO,PBG,KLH,GVR
Person 540,SHE,NBG,PPB,SBS,ZSY
Person 541,DSK,OKA,UDE,XEG,SGN
Person 542,LYE,OTS,HOG,RBY,SQQ
Person 543,YTS,DEA,AMD,QPJ,UII
Person 544,PBF,CYI,BBR,SIR,YCO
Person 545,RNN,GKN,WAQ,KUH,DHN
Person 546,DOP,SHI,GUM,VIR,MLG
Person 547,LKS,CCU,KSM,DTW,BCI
Person 548,FUS,MMZ,PBL,BLV,RGS
Person 549,GHF,YZG,XPG,WKM,JAA
Person 550,XVF,WVK,SAL,RSD,HBR
Person 551,PGX,DSK,WMR,AMY,MQB
Person 552,EAT,MZV,DTI,TJM,DJB
Person 553,ESN,NIT,TQR,CVX,IPH
Person 554,VIL,MEE,BBH,LNJ,ULG
Person 555,COQ,SFA,LIR,UIK,SNY
Person 556,CMB,LMY,KBU,NCS,ATP
Person 557,TUC,MGW,DBM,RZE,IEV
Person 558,KSM,ZAT,BIY,CNP,RVA
Person 559,YGO,YMO,EDL,SCE,WMX
Person 560,LRE,BJI,TKN,UUU,ARH
Person 561,PED,GWO,BDR,HRT,ITM
Person 562,MLT,BUI,FTE,YHD,LBW
Person 563,CHE,KCZ,RDN,NOV,MBL
Person 564,CEU,GOR,OMF,LPM,BJC
Person 565,RIC,0G6,CFU,SIQ,BHH
Person 566,PFR,NYG,BKW,RGA,RRG
Person 567,YTQ,PMY,ENV,CHC,TPL
Person 568,LAY,TBF,EAM,GHU,GPB
Person 569,OSK,WBU,JSA,VKG,CGM
Person 570,SPN,HKN,CZN,DOM,XEG
Person 571,ZTM,HXD,LCQ,BIN,PHK
Person 572,VAV,ABY,COI,DRK,FIT
Person 573,POR,CRI,GZO,CTM,FOR
Person 574,GFF,RYB,HUH,TLG,GYM
Person 575,XNA,TSU,TMU,IVL,LBT
Person 576,TRM,KTA,AQC,GKA,AKC
Person 577,ZFD,EPL,BBP,ERI,TAE
Person 578,VBG,BGG,CHC,AZ3,POJ
Person 579,RDZ,CIL,EAA,PSU,HAH
Person 580,GLT,AUA,UMU,ELG,PKP
Person 581,TUO,SLE,X39,ZXE,BJZ
Person 582,CVG,KVA,FRU,DOY,MLW
Person 583,OKN,CHX,VGO,SSJ,AVV
Person 584,EDW,NBE,UMR,CZL,VLS
Person 585,HUF,MAK,BWG,BHG,LNS
Person 586,KWJ,EIN,DOE,THO,OTH
Person 587,JMK,LHX,SOO,QMJ,BYK
Person 588,SKZ,NAT,LUH,KWL,UIK
Person 589,FOR,HOW,BEI,VNY,UST
Person 590,SUG,VDC,VIJ,QRO,GIG
Person 591,EDI,GRZ,CIT,DLC,KHW
Person 592,NIP,YIO,YTF,POS,YCG
Person 593,BEC,AND,WAM,BBO,BVA
Person 594,XWW,WBU,KNO,ZSW,PTF
Person 595,THQ,GRF,VQS,CHR,YIF
Person 596,KTE,ESE,MRZ,HSK,DDG
Person 597,TNG,BRR,MON,ZCO,KIK
Person 598,KWE,XKS,YZP,STM,CIA
Person 599,CHA,EGV,REN,VIN,DYG
Person 600,MZO,AGC,JYL,HHR,EPU
Person 601,KVG,BKQ,YYL,LUF,YZP
Person 602,BOM,XYE,RAR,EWK,LKN
Person 603,WVB,COS,GOP,MOS,LRE
Person 604,EDI,FUE,SMI,AER,BSX
Person 605,OAJ,BIQ,GCM,TOB,WRI
Person 606,OEB,PHD,HEM,CWA,LOU
Person 607,UUU,PIO,NRT,EAR,XDS
Person 608,DNV,RBD,IMT,RAC,PNK
Person 609,MGF,WHP,WUU,PFO,OLF
Person 610,SHL,NPA,SDF,TOY,DUG
Person 611,BIO,BGK,PGA,LON,YQX
Person 612,ITM,NDJ,ILN,ZJN,CCN
Person 613,IGS,ZGG,AMZ,BSB,OSU
Person 614,KEY,ONH,KJA,TUS,F57
Person 615,DMD,MNG,HJR,MDW,OLA
Person 616,SBN,A39,ANI,ADQ,ACX
Person 617,CKY,IAM,AXR,HIW,YAB
Person 618,SOF,PSZ,UDJ,UMS,PTG
Person 619,TTJ,AET,PNP,RAL,STT
Person 620,BEY,KGD,SOD,KTE,KMQ
Person 621,EKN,MRS,NVP,BFF,EAS
Person 622,DOE,EWB,ERN,WUS,LEX
Person 623,PAD,SID,FRW,MMJ,YFS
Person 624,YRF,NYE,YPA,MUX,YSJ
Person 625,HIJ,BOC,BKZ,AKP,ALH
Person 626,VDA,YPM,ADH,YXX,KQA
Person 627,RUT,PFJ,DYU,CNY,HTA
Person 628,TFS,YAC,BWF,MOQ,KGT
Person 629,BHF,IIL,NBO,YAM,FWA
Person 630,DGO,TGM,TCY,UDR,JCU
Person 631,SMW,OMR,MQQ,MHP,ZAL
Person 632,TTN,NVI,LHA,MFU,SEU
Person 633,QDU,ESN,LSI,KIE,GRI
Person 634,PBX,TIE,KZS,REN,K27
Person 635,MZO,FGI,BOI,SNY,E55
Person 636,CKZ,SVX,ESE,VSG,DWB
Person 637,ANN,TSL,GRX,HOW,PLY
Person 638,XLS,CVI,YXK,JKG,KWZ
Person 639,SBM,NSO,HME,CXI,XHP
Person 640,ASP,JZH,BXU,ZFN,LPQ
Person 641,1C9,NNG,YGG,AIN,YWK
Person 642,GER,EKI,PMR,KYS,NTQ
Person 643,KHG,LEI,MUQ,LDE,DED
Person 644,PMC,GVA,AGF,ADF,MUK
Person 645,YUS,YNJ,YCO,YKN,ALL
Person 646,VIN,BJS,YAZ,POF,KRT
Person 647,BBJ,ABL,SQG,NOJ,DGA
Person 648,LNB,ASJ,GIS,LAD,GRV
Person 649,NNL,HDB,CPS,HCC,IPA
Person 650,VLG,LYN,AIA,CRI,ARH
Person 651,PRA,HEL,PLQ,HCN,ILI
Person 652,AGC,CAN,OGL,ZUH,SDY
Person 653,BHR,PKB,MAD,HKK,CIX
Person 654,POF,ETH,EMD,CEZ,HYV
Person 655,PAB,OIM,YFR,KCC,PMW
Person 656,YNT,MZI,MZR,BGI,UUA
Person 657,ORB,COR,ULH,BTK,KAU
Person 658,LZC,GXF,ALS,DRM,DRS
Person 659,WWK,TLC,KCQ,YCS,PLY
Person 660,SEN,ARB,LSP,CLV,BIS
Person 661,YRJ,CPQ,BWT,CBL,SJL
Person 662,ODY,IGL,HLD,LGC,FOG
Person 663,RRS,FKL,PID,CIO,RPN
Person 664,CAQ,CAZ,BMT,RXS,VKO
Person 665,ELC,COG,KRN,ULI,VDA
Person 666,ELC,ASK,LTS,MEC,ISM
Person 667,SQO,WPB,MPY,ESH,SJI
Person 668,BKX,GFN,IIA,YZV,MEA
Person 669,LGQ,MXX,MOO,ISB,TAP
Person 670,GER,TGH,YHR,AKT,S40
Person 671,SHR,ISO,ANX,SDY,JIU
Person 672,EBL,CJM,KAC,YUL,VXC
Person 673,DKR,VVC,LAR,AWK,EAA
Person 674,MKR,MWP,YUS,JKG,CPO
Person 675,TNX,COQ,BPN,TWB,TLU
Person 676,YPN,FOK,KYZ,PAZ,UCT
Person 677,LZU,TPQ,DMB,UPG,AFZ
Person 678,HOJ,NWI,CIX,RTW,LBB
Person 679,SAF,NTY,GRV,YNC,XYD
Person 680,NOC,AUC,MQQ,RPB,YOL
Person 681,WDR,PXH,GME,HYL,GFR
Person 682,XIL,USK,BFF,NCU,BCW
Person 683,DJB,TCZ,FKS,YIB,FAA
Person 684,MCF,WZY,BCO,IRG,KWZ
Person 685,PHL,WUN,HYL,ANM,JYL
Person 686,OYL,2B2,YGX,VLS,SWA
Person 687,JJN,PTG,NDR,OZP,TOW
Person 688,KON,MJM,FUT,PTH,KMJ
Person 689,HMR,LGU,LBZ,HLA,FEN
Person 690,JMU,MBH,SAH,GOR,YEM
Person 691,QXR,AGB,SGH,OME,JCU
Person 692,TWA,KCH,LIR,HCQ,SXR
Person 693,UUU,LCX,YOP,FMA,SKK
Person 694,GZP,CWL,ZPB,HHA,UBJ
Person 695,YNJ,GAQ,BAH,AAE,EDM
Person 696,LKK,AOH,ICT,KYZ,DNZ
Person 697,SFQ,PRY,OVD,AFA,VIF
Person 698,VAL,KTP,CLY,LJG,TTH
Person 699,HFT,LIP,YXH,TUO,SFT
Person 700,KSO,TCL,BKL,FFZ,WFK
Person 701,AUB,PCP,SCU,BCV,JGD
Person 702,S46,UES,PUD,CCF,UAQ
Person 703,STP,BEU,PPT,RZE,KWA
Person 704,EAU,TIW,YOC,QWC,WJU
Person 705,GMP,CIT,ADL,YAW,RKV
Person 706,KHW,INC,LBT,MKZ,CEG
Person 707,YSD,DLC,MFI,GSS,SKG
Person 708,ZQW,BWI,JFK,CLL,KSY
Person 709,IXZ,NDY,PPP,SCE,KEX
Person 710,TIE,RNE,NLT,RCO,PRG
Person 711,BAK,COZ,SPD,JHS,MWQ
Person 712,ORS,PSL,QRA,ULP,LVR
Person 713,BAU,KMO,HAM,ATT,CER
Person 714,SXB,NUX,BOW,GOY,PGH
Person 715,YPR,ZAR,YAA,AXD,YEK
Person 716,GDT,VAM,KIH,SBK,PVA
Person 717,TNE,DOM,ZTA,PIH,NEV
Person 718,CGQ,SJI,LHV,MGJ,BKG
Person 719,YVA,TXA,KHC,KHW,LAM
Person 720,GVX,JHQ,BVG,ELH,CBQ
Person 721,QUS,STD,MZJ,DRT,NNR
Person 722,IAG,YYY,EVG,UKX,DHI
Person 723,YIV,ERY,CNG,GOV,NLC
Person 724,YIH,MJA,LRL,KEM,ADH
Person 725,BSC,RMY,HFD,FNR,YZW
Person 726,YXT,SLI,MGH,EGN,TLD
Person 727,PCZ,NYN,KEK,LYB,TAB
Person 728,TCH,IPC,BTH,SMS,MXV
Person 729,DWS,LDJ,ROT,YAV,EAU
Person 730,3J1,ALY,NGS,LGS,IXS
Person 731,C23,YQR,AXR,PTU,ABF
Person 732,UTP,FAY,CEZ,DDC,UIH
Person 733,CMU,KEV,VVZ,KKX,MUW
Person 734,SSB,RAF,AGS,TMX,UNK
Person 735,ANB,CFD,DBO,BQK,BUX
Person 736,CDS,USM,UES,SLD,FDE
Person 737,SNC,MJB,PPS,JCB,MCE
Person 738,NAQ,VST,PLS,AAT,E91
Person 739,JJN,AVI,OKI,HOV,BUA
Person 740,SSI,NPL,JCO,BEC,SFZ
Person 741,CVS,ULG,GWW,SIG,MKO
Person 742,NDC,WRO,BIY,POL,KCZ
Person 743,YHB,LDO,ADE,KDD,OFU
Person 744,FLS,RDD,BEQ,TTT,TRM
Person 745,ZMA,CIU,RYY,CEQ,CCJ
Person 746,SLQ,VER,ERF,SMZ,OCC
Person 747,SUF,TAR,FBS,KGS,GHB
Person 748,OAL,PSR,RVR,PDL,YPA
Person 749,EIN,HOG,STO,YIC,TTS
Person 750,YMM,IJD,AQI,EUM,ERI
Person 751,ADX,IDY,O03,ZFA,OTP
Person 752,YKG,GNU,OTI,BGY,LYG
Person 753,AKF,ZRT,ENA,SBP,JPR
Person 754,YTE,BOC,DBM,GUQ,PSO
Person 755,ISB,MCU,LPB,MOH,BBH
Person 756,UTU,FAB,DDG,C91,BXB
Person 757,CEW,ELG,WEL,KPB,GND
Person 758,SOY,POB,ODB,ASU,YBT
Person 759,BJL,LSY,ACP,WHF,TNE
Person 760,DSM,MJZ,IFP,HGU,EPU
Person 761,GRB,VTB,YIH,HIR,JNZ
Person 762,UKS,KWY,MFA,LPC,YNA
Person 763,OPF,TNF,IJD,ESU,BFI
Person 764,FRL,RNP,LYN,IBE,DOM
Person 765,KND,IJK,YLK,FBA,MCF
Person 766,VBV,LDI,IZA,KMP,GAS
Person 767,CHS,HCR,BFQ,PTA,UTM
Person 768,ERY,OER,AKI,KUF,UPG
Person 769,OAM,VTZ,LYI,CZW,KDU
Person 770,MEZ,GYM,TSN,ENY,CIL
Person 771,38W,SLV,ZPC,KBU,ZRZ
Person 772,FTY,YNY,ORF,KRL,BSL
Person 773,FKI,GSQ,TNN,QYD,ZGI
Person 774,WTP,LHV,GDX,KTL,QRA
Person 775,OHE,HKB,NAA,3G3,PKG
Person 776,MCF,LBZ,GTU,PSD,RCM
Person 777,XCR,UBJ,LRR,IIS,KMA
Person 778,QQW,ERM,CKD,HNL,PGF
Person 779,YOC,QNV,GIB,NST,PEQ
Person 780,NQI,SYX,RNL,LIN,DEN
Person 781,3J1,BOO,QUS,STS,TYR
Person 782,DNL,RZE,MWZ,NOA,ABJ
Person 783,PJC,PED,EAE,GJL,WOE
Person 784,OKR,PNV,GNS,SCN,YGX
Person 785,ZRJ,KGO,ACA,HNS,BWU
Person 786,BUF,BVB,DSK,LES,LAM
Person 787,MXJ,PIP,EDO,POM,VVO
Person 788,CLE,TNE,OVS,PXO,BPN
Person 789,OGL,EUA,SKU,HYL,FBA
Person 790,GGR,CCL,AXA,ITM,CXI
Person 791,PCZ,EOI,SWP,IPL,FEG
Person 792,FDY,2A0,OLN,BHQ,YTM
Person 793,PSZ,MKS,TRN,SSX,YUD
Person 794,OLT,RMP,SJC,BEC,AUF
Person 795,PQI,PTJ,RAK,VGZ,JIK
Person 796,TIK,EUG,MLY,TCZ,PBU
Person 797,CWI,ESE,BBP,PBM,YRG
Person 798,TGC,NIP,TKS,TAS,CCM
Person 799,BIF,KIF,MAN,YVT,COU
Person 800,BMP,YBZ,YHO,ANX,LKK
Person 801,DUJ,RAM,SEL,QFI,ARD
Person 802,PNT,ISC,MLD,BSC,ULB
Person 803,FMH,TUN,HUX,MKE,KGX
Person 804,RAI,SRI,YPC,DUH,STW
Person 805,SSI,CAX,RIU,YGL,JCH
Person 806,LWC,AGQ,TOH,GSP,CLY
Person 807,E91,AEB,ERV,PKC,EVN
Person 808,CNL,VAV,EPU,BTU,IWD
Person 809,JUM,AJA,BHU,IGA,MDT
Person 810,JGS,SLU,WGP,SMD,AJF
Person 811,IWD,LFI,XIY,BHM,COH
Person 812,XMY,PZB,WTA,0G6,HAD
Person 813,AUS,PSX,YJM,CZE,KEW
Person 814,LRE,SZX,TXG,EYK,ADL
Person 815,BDH,RYB,GMB,LGC,MUB
Person 816,UTT,LRF,YSC,KFX,SPZ
Person 817,HUF,KKC,SCH,FUE,NQU
Person 818,KON,SCX,SMZ,RHD,TUL
Person 819,OSL,ORK,HYS,SVI,WAW
Person 820,MYE,CLM,FOG,O27,MAX
Person 821,YSB,KAT,BUG,HFD,TEX
Person 822,JZP,NYM,DIN,IRC,PPE
Person 823,IBZ,LAF,AGA,MFQ,MNU
Person 824,TOJ,JSH,KAU,ZCN,KCM
Person 825,DVT,RKZ,MMJ,OSW,AEX
Person 826,TUV,MAV,GCM,SVG,MHR
Person 827,FMO,IMT,ULI,SWP,MHV
Person 828,CFG,CDI,WEF,LDE,AIA
Person 829,DZA,KAJ,YAX,OVA,AGU
Person 830,GKK,CIA,IXL,RES,RSJ
Person 831,AGF,MHA,STT,PHY,OZP
Person 832,JNX,AAQ,HET,TAT,OSL
Person 833,PBJ,KRV,OQN,MVB,GWT
Person 834,BSJ,RSD,LKL,WMI,CAX
Person 835,QNX,FRJ,ABK,RVS,ORJ
Person 836,SEA,OKD,ATP,KGP,UMD
Person 837,BHR,CMW,GVL,SKV,STD
Person 838,GBZ,MRO,LSZ,MUH,ATB
Person 839,UMP,MAJ,TKQ,BRM,YCR
Person 840,UAM,WWP,FFD,BUD,LYH
Person 841,TIY,SAF,ZMU,UDG,PBV
Person 842,LUH,DYS,HIN,TIM,ADD
Person 843,MCI,TXK,CFN,KHT,HIF
Person 844,MPY,CWL,FEN,BJO,BBI
Person 845,FTY,PRA,TNJ,YRG,MKP
Person 846,GUR,1G3,UUU,GRY,YNT
Person 847,MBS,ESS,TGM,MLB,DJB
Person 848,WIL,WLG,CPC,INZ,YXR
Person 849,BED,RVT,GNU,XMH,RYY
Person 850,PRI,TUV,WDH,GBK,EEK
Person 851,GCJ,BHX,SPY,BUI,YBL
Person 852,KHD,GLQ,LTQ,KHT,YHZ
Person 853,YLH,DES,QBC,PUB,06N
Person 854,LOU,MKG,GTF,SNY,HLR
Person 855,PEX,ALL,MOC,WDH,PKY
Person 856,FIH,PFQ,FLR,ETH,0S9
Person 857,VNW,SCV,KAE,NPE,DDC
Person 858,KTG,ZVE,VLG,LAM,LOH
Person 859,MDL,FLV,SIT,IXK,EEN
Person 860,WFB,NST,UGN,CWI,LBT
Person 861,NLF,YGK,FON,FNL,DRM
Person 862,MZR,KOK,RTB,FRJ,NGE
Person 863,BXS,HMB,PUE,KAT,BBO
Person 864,DNP,RVY,PNP,SPC,PSC
Person 865,ECN,CPA,DAC,CYP,MEE
Person 866,IQM,BIO,EPU,LDH,KTG
Person 867,NAV,BHP,HNL,ZAG,ADA
Person 868,QUA,IPC,PTG,BSG,SJI
Person 869,FBD,PWT,NNY,KUM,VEY
Person 870,PIB,HYL,BLT,MID,OMB
Person 871,GZP,PMO,LLV,DTA,NQI
Person 872,C16,LGW,LDG,JTC,NLF
Person 873,MTL,VDF,CVM,TRI,CDI
Person 874,BND,RIW,BWA,CPB,AUR
Person 875,XTG,ASI,NID,AWK,BLH
Person 876,TEM,CSH,PWE,GYS,ICN
Person 877,OSP,YQD,DTA,PMS,MUW
Person 878,TNO,SGH,MBA,YZR,TWU
Person 879,RWI,UTC,KTW,UTO,ECG
Person 880,RGN,HNH,ZML,BDJ,BKC
Person 881,UBP,TZR,TOJ,XYJ,YBX
Person 882,BLF,KEF,GJR,ILU,TUW
Person 883,MVR,CFS,Y72,YOJ,UGO
Person 884,DRT,MZJ,MQS,ABY,LWM
Person 885,1H2,BAB,DLC,CFE,APZ
Person 886,SCY,MJD,DGE,OMF,ANX
Person 887,DVA,SGJ,MHU,AGP,CKB
Person 888,M94,PNE,OTR,ZUN,CEZ
Person 889,NAL,YXZ,LKH,YES,ZLT
Person 890,NDY,YVG,KMN,NIM,HVN
Person 891,MLB,INH,RDM,KFP,AOJ
Person 892,APZ,TVU,HTL,CAI,ADS
Person 893,DNP,WNZ,DZN,QXR,BIY
Person 894,ATJ,PCZ,BNE,YHZ,KME
Person 895,PAF,ZKP,TUS,JIJ,TAY
Person 896,OMR,LMO,SEM,ZZU,BPY
Person 897,KAL,LHC,VCP,PDS,JAT
Person 898,BAF,MFA,BNY,NOE,MTT
Person 899,AVL,LGO,YIW,CFU,HRM
Person 900,MPV,NQN,KTT,PNZ,LOU
Person 901,SSE,ILR,MOO,YWP,WPR
Person 902,TUK,SCO,FCO,PAJ,PNK
Person 903,MJN,PIS,SJC,NDK,KHM
Person 904,DBM,NQA,GUT,SLJ,AKL
Person 905,LYX,PEU,ENV,AVI,FCS
Person 906,MGL,QPA,FFO,YDP,YQN
Person 907,SWX,PKC,RAL,PUU,MWB
Person 908,TSB,MTS,PED,ORN,REY
Person 909,KNO,ONB,VNA,ZFA,YBR
Person 910,CZS,LVA,VBS,MME,PAQ
Person 911,BFJ,FFT,ABL,KSF,MDU
Person 912,MCD,ASV,KSC,BBH,AUO
Person 913,FFD,APO,KZR,BJP,DRS
Person 914,SRA,XDS,MTR,TEQ,BKW
Person 915,ERI,BXO,BKH,CUZ,WMP
Person 916,BTR,VSG,LSA,ISN,ERN
Person 917,MZM,RRS,OBY,A39,AIZ
Person 918,LSW,ANQ,PPP,JRB,MSQ
Person 919,JUI,LSQ,YBB,TGM,NOI
Person 920,LYT,MRE,LGU,YNC,NFO
Person 921,JCA,JIU,YXK,TPN,GNM
Person 922,TUC,ZWU,JAT,LEJ,UJE
Person 923,EAM,VIN,FYU,BES,AXP
Person 924,EMN,WHD,VNE,DKR,SRZ
Person 925,ORD,CFR,OKI,BHZ,YCM
Person 926,YDA,TUC,TOJ,EGV,BTT
Person 927,HNS,HON,LPY,SCO,NTU
Person 928,LUW,C65,GCW,OLM,BXS
Person 929,GRP,LID,RSD,LIX,AEH
Person 930,QPA,CQF,YBL,ZBR,KPR
Person 931,TOC,MTV,PBH,KTL,BEZ
Person 932,UAB,LYG,SAW,GRJ,MKZ
Person 933,MDQ,BET,TME,NIG,SVC
Person 934,KIV,ATC,TRO,AES,CBO
Person 935,SMD,LKN,LCK,FUJ,VLS
Person 936,RIA,KUU,CIX,AET,WEF
Person 937,MER,BWA,PDS,FON,C47
Person 938,YCN,GWL,CTG,ALU,APG
Person 939,CHM,DBV,YYR,ZMT,CLE
Person 940,ISB,DEN,DNA,BIK,SOT
Person 941,BDU,NIG,ZML,TTB,LYU
Person 942,ACE,TXK,ESX,NLD,HUV
Person 943,REG,MQI,LBG,LEU,ELS
Person 944,CWI,AMM,HOG,SPI,MUA
Person 945,TPN,JAB,APZ,WIH,YPR
Person 946,NAI,BJV,ASV,PPC,QQS
Person 947,BLD,IWJ,ESH,O27,PHF
Person 948,BRT,YHF,AWD,E51,WJU
Person 949,AIM,IIA,KSD,A50,XMY
Person 950,LGB,FST,KKD,IIS,OLM
Person 951,HIW,GNV,SIK,BEQ,RBM
Person 952,HEL,SKG,YSK,HNA,EDM
Person 953,RNT,FFC,JBQ,QCJ,DKK
Person 954,BON,PRH,GHE,DLY,OBC
Person 955,HEK,DLH,OTD,BKH,KHV
Person 956,36U,UVE,SXO,SHB,NAJ
Person 957,PRV,TVY,YDA,TLN,HEN
Person 958,BTJ,PPN,NEZ,REL,MGZ
Person 959,KGP,CKS,BFV,TSO,BUR
Person 960,FCM,PZI,UDD,TID,RMY
Person 961,LOZ,KGL,VYS,DIK,ILO
Person 962,HYS,ESR,MOA,QKL,BWE
Person 963,SYQ,TBN,RHI,TPC,GEG
Person 964,BHY,MHX,MJU,POT,LNR
Person 965,KTA,OFF,LBL,KRL,THU
Person 966,OSC,YMS,RHI,FUO,GVR
Person 967,YEK,DHT,DJG,RNA,EWK
Person 968,SAC,ORK,GWE,INT,SZG
Person 969,NQI,KWG,DNA,MKR,YTF
Person 970,YYF,CEI,L35,HME,PSY
Person 971,MFU,BZK,NJK,BTI,PEW
Person 972,PJA,ZPC,BAH,YUD,PLW
Person 973,LAY,INV,HCC,YGR,DMD
Person 974,MYF,LNR,CAG,ZQW,KIN
Person 975,MLT,VLL,LTU,ENS,PTF
Person 976,LVO,RAE,HZL,FLG,PDB
Person 977,JKA,MNC,SCS,PDV,DOY
Person 978,NEG,LUX,MZJ,KPC,TSJ
Person 979,CFN,EFL,OSD,XBJ,KAR
Person 980,KER,AZD,INH,NTE,TAH
Person 981,TWU,C23,PLZ,HCR,MXM
Person 982,RNM,SHB,KTA,TIV,SPZ
Person 983,BKX,YAG,LGB,HUX,SXF
Person 984,CLL,CPE,USM,FRW,RNE
Person 985,OSL,ISM,YDF,SIQ,HAH
Person 986,CKD,JOK,0S9,JGC,SYB
Person 987,TPS,BTI,IIA,PHK,BWA
Person 988,RVK,THL,HIR,CMN,VOL
Person 989,MBU,YAO,RHI,PGF,KTN
Person 990,DTS,SNP,RKH,BEV,BGS
Person 991,TOU,DUT,LOP,GDZ,AGE
Person 992,VRU,PNI,AGN,KEJ,BQU
Person 993,ARM,CCI,ROI,EYW,AUJ
Person 994,LWS,KOX,MRO,SUA,TIX
Person 995,TOT,REN,XAX,AMV,MCZ
Person 996,R49,FTX,PLN,CNY,TUU
Person 997,06N,MWH,MCK,YHZ,RVR
Person 998,EAS,ZUM,KWI,ALX,SUJ
Person 999,RZP,YBO,SLA,CAF,SRG
