Person 0,TVF,BLQ,KEX,CVT,OOK
Person 1,LRR,WSN,VST,YER,XQP
Person 2,WEH,GOJ,WBU,SVX,RWN
Person 3,FTU,PEV,MBW,LZO,C91
Person 4,CMG,LED,TBN,DJB,PSI
Person 5,FON,VHC,TSH,CWC,SIA
Person 6,SWQ,ACT,IDL,PEZ,KIN
Person 7,VDH,ALH,PYM,BGX,CVT
Person 8,CRW,CTY,BVV,JCK,DIW
Person 9,MLI,Dulles,MGQ,RNN,ORS
Person 10,PIB,OBF,AZS,X49,36U
Person 11,ULA,YWH,LEQ,AFS,STT
Person 12,HST,KKW,BYO,SBO,BYK
Person 13,EPL,MBL,XEF,MHM,MCX
Person 14,COE,SMN,4DA,BEG,PNP
Person 15,AKU,MNU,IXU,SDJ,EPM
Person 16,SQQ,RAK,QQK,RGB,JSM

Person 17,RNE,VCE,XVH,MOU,LCC
Person 18,SKY,MKP,CDG,FRU,FNC
Person 19,DBM,TUP,CNX,LBI,AWK
Person 20,BQT,HCC,GOH,AMS,TOY
Person 21,OVS,FLW,MTS,YGX,MWK
Person 22,MWX,SKK,ARD,KEM,UTO
Person 23,DTI,JKL,WMA,WIN,X26
Person 24,MUX,ONG,ODO,NAQ,OTS
Person 25,GCI,MCF,CRQ,SLN,YHS
Person 26,TGT,BAD,SJU,UIT,CLV
Person 27,KZS,MEM,CDI,LPU,CNG
Person 28,USN,YBZ,WMA,PTK,EGR
YYD,UYL,HVN,YIN,ZAH,
Person 30,CVG,HID,FRN,HVG,YER
Person 31,AWB,AQA,YWB,CDR,OPS
Person 32,CIX,SBP,BJV,RAI,BKK
Person 33,TNI,QNC,MPM,ARI,YXT
Person 34,ACU,NIM,BHM,TGG,KCT
Person 35,CAF,KFG,GAO,LIQ,MMU
Person 36,CCP,SDV,TUF,TID,CBN
Person 37,VIT,COO,LMN,VNA,YZY
Person 38,QPA,BTV,AKY,ACR,BGF
Person 39,MLN,ZGS,UIN,KKD,QPZ
Person 40,UKC,ZUH,CBR,TOY,YTY
Person 41,GLK,REU,AMH,JPA,DUH
Person 42,0W3,CPA,IRA,COL,CXI
Person 43,2B2,PXH,YRT,BUX,LNJ
Person 44,MPM,SGC,IVA,NZA,ZTA
Person 45,HRG,PKH,RTG,RWQSD,YKA
Person 46,DSO,SIT,FWA,NZH,SFB
Person 47,MJV,YTL,GQQ,NUP,BNE
Person 48,YCM,MWK,PDP,GUS,TLE
Person 49,TMK,SUI,TOW,TVS,XQP