Name,Cost,Home,Dest 1,Dest 2,Dest 3,Dest 4,Dest 5,Dest 6
Person 0,12551,BDU,YDT,SJU,RAK,VAS,BDU
Person 1,7599,NSH,MDQ,ACA,BNE,VVO,NSH
Person 2,12240,FCA,FAR,JSY,VDA,JMO,FCA
Person 3,21872,OBN,HOJ,HOW,ANB,YQU,OBN
Person 4,13879,GAU,LBJ,CCL,LBJ,ACR,MME,GAU
Person 5,4056,DDC,OCV,KHD,NMB,THR,DDC
Person 6,12366,NAS,COC,DSE,ZGU,TKF,NAS
Person 7,16998,TTB,GRZ,MOG,TXG,MOG,FYV,TTB
Person 8,16376,SLF,HKG,YPI,NDY,BWF,SLF
Person 9,13185,VAR,LLW,LBR,BID,ESH,VAR
Person 10,11908,FAV,EWN,GAI,BKX,FAV,CZX,FAV
Person 11,26833,23M,YLS,YLC,BME,ZSJ,23M
Person 12,13448,HBX,LVR,SLE,KLO,PAB,HBX
Person 13,18025,BXB,MEB,BXB,BGR,ZRA,BFP,BXB
Person 14,11482,YHC,PHO,CIO,LRR,RGA,YHC
Person 15,14956,YVB,ETH,BEP,NYU,AIM,NYU,YVB
Person 16,25099,WPU,PXO,HIF,IKO,XKL,WPU
Person 17,16686,NAV,WMI,NTG,MCH,PHF,WMI,NAV
Person 18,14127,YGW,E91,ORJ,SJY,YGV,YGW
Person 19,8521,YTF,TGM,AZN,SPD,AZN,BIL,YTF
Person 20,18665,YWK,TMR,FTI,YUT,BGR,YWK
Person 21,17846,TRI,SAL,BFO,VEL,DEC,TRI
Person 22,17403,MIB,1A3,PBL,VRY,GOV,MIB
Person 23,34989,SVL,INJ,SKF,PSV,SVL,MCT,SVL
Person 24,16307,CCU,DPS,GIC,DPS,CGH,KOI,CCU
Person 25,10116,DNK,CEK,TKI,CPS,PLY,DNK
Person 26,22516,LYT,MGR,DAB,BVE,PCP,LYT
Person 27,18661,CXH,OMS,VRN,LAQ,OMS,WJA,CXH
Person 28,10077,CYF,AVK,LIP,KRW,SLV,AVK,CYF
Person 29,4716,OTI,KEM,TTU,AGA,CJL,OTI
Person 30,4767,LIR,CUQ,UTH,AMC,CPT,AMC,LIR
Person 31,16533,OWD,FIG,ABX,CTS,OLM,OWD
Person 32,9522,FTW,FPO,CPX,BGM,XBE,FTW
Person 33,17140,BHN,C91,A50,SBA,ATK,BHN
Person 34,14692,BVI,RHP,LRF,PBM,NLA,RHP,BVI
Person 35,12379,MLU,ZAD,KSJ,ZAD,MTF,ALM,MLU
Person 36,8241,SCH,XZK,JKG,VOK,2H0,SCH
Person 37,10481,TUC,BKZ,VAO,MBL,XFL,TUC
Person 38,18051,SAL,BIV,JMK,AMY,LAY,AMY,SAL
Person 39,10732,DZM,MRD,KDV,KMG,LAQ,DZM
Person 40,21174,ME5,SIR,KZS,FIH,AYQ,FIH,ME5
Person 41,25068,END,TMN,TFI,OMO,ONX,END
Person 42,7513,TND,TWU,AKS,INL,SJT,TND
Person 43,20839,GHB,TOP,CKL,CDA,CKL,HOW,GHB
Person 44,7569,WVB,MQC,CVM,DVT,LZN,WVB
Person 45,12500,KPR,PGV,MOL,NYT,HKT,NYT,KPR
Person 46,6368,NGS,FBU,HUE,AKD,NGS,CIL,NGS
Person 47,11155,ESX,ROV,KAD,BLI,25D,ESX
Person 48,17472,KXF,LBB,JAL,CFE,LAZ,JAL,KXF
Person 49,16568,YAO,ZWA,IVC,ZWA,YAC,JDF,YAO
Person 50,12635,ISG,KEN,EIL,LPP,WXN,ISG
Person 51,17925,OKO,CVG,MCL,HET,OKO,WKA,OKO
Person 52,12267,DWH,BIV,YYQ,ISE,FNJ,DWH
Person 53,10822,PEK,TAI,GKY,ZBM,URY,TAI,PEK
Person 54,7200,MRQ,VLU,PXO,VLU,GTE,CYU,MRQ
Person 55,14932,TRE,OHR,EGN,CGZ,YCC,TRE
Person 56,25221,PLO,TMM,PWK,LVK,BTI,PLO
Person 57,11706,AAC,BAG,BJP,YST,KIT,AAC
Person 58,18238,ELV,RAP,NOB,UNG,LPX,ELV
Person 59,8081,ROO,NLA,LGO,URY,KDU,ROO
Person 60,19073,JUL,MHX,TWA,YSM,SIK,JUL
Person 61,15728,ABV,SHY,VCV,DOU,ABV,CSO,ABV
Person 62,16942,MRD,PES,PMR,SAC,BVY,MRD
Person 63,11482,OLC,AKC,SAK,TOG,SAK,BYK,OLC
Person 64,15973,36U,SUA,YWK,YRG,SBG,36U
Person 65,17344,OPO,ACP,TRW,ACP,CMP,FUE,OPO
Person 66,20395,KAJ,ILI,ECG,GHB,PSS,KAJ
Person 67,14797,NTB,LTA,KHH,BEZ,KHH,CFD,NTB
Person 68,23648,AGN,PAS,AVP,MDW,VCT,AGN
Person 69,6933,WAQ,PQI,ART,GBJ,LSP,WAQ
Person 70,5375,GRY,RKZ,LDN,PXO,KSF,GRY
Person 71,8747,BTE,HGN,BHK,YUT,XVF,BTE
Person 72,16414,TKF,MFK,TWB,MFK,SLI,DIU,TKF
Person 73,24547,24J,XCR,WUZ,CTL,WUZ,HRT,24J
Person 74,8182,MOH,JLR,HDM,HNL,BJS,MOH
Person 75,10177,KCT,SML,PVD,XTL,CBH,KCT
Person 76,18306,GEN,BGA,PER,CHU,GEN,LHR,GEN
Person 77,12547,MKE,APN,URE,JMO,BUU,MKE
Person 78,20007,ROT,PQC,RGN,PQC,BAF,CLL,ROT
Person 79,14965,LPU,AVO,OFF,YQV,PTA,LPU
Person 80,12500,APG,ZVE,SXQ,MPI,IDA,APG
Person 81,13256,YDL,ORW,KCT,GPT,PSP,YDL
Person 82,11414,YBW,OKJ,JAQ,OKJ,N69,FSD,YBW
Person 83,15364,GAL,IMM,SMR,MYW,VRL,SMR,GAL
Person 84,10923,MQC,SSI,WSP,MKU,KUK,MQC
Person 85,8836,SLY,BOY,AJU,CPO,LGU,SLY
Person 86,12164,OUL,ISK,MTN,CUM,GTI,OUL
Person 87,8403,NRK,SHM,DGT,SHM,BJO,NYG,NRK
Person 88,10086,YZS,HVN,PUU,RCL,ZSY,YZS
Person 89,8104,IWD,CSC,TBU,TJQ,CEJ,IWD
Person 90,10170,YQQ,MOL,DKR,MEZ,DKR,MDU,YQQ
Person 91,3874,VAG,TLU,RNI,TLU,PER,TJQ,VAG
Person 92,18146,REI,FRI,CTY,WOE,VGA,REI
Person 93,10121,HUL,SCN,ROD,MDS,MCO,HUL
Person 94,9571,SSC,YQC,CZL,NAT,NVP,SSC
Person 95,12571,MEG,BFL,ATT,FOK,KRK,MEG
Person 96,14498,GLO,XEV,ZSA,YEV,XEV,EGN,GLO
Person 97,23899,BFP,KMS,SPN,FBS,PNM,BFP
Person 98,13788,RFP,LGS,BVC,JER,BVC,KAX,RFP
Person 99,16912,YSB,BSB,EHL,KJP,PAS,YSB
Person 100,3046,SCU,AYK,AEB,AYK,PSS,ELE,SCU
Person 101,19027,IKA,GYI,IKA,BII,HON,MIR,IKA
Person 102,13421,MOG,BDB,TAC,MOG,SDE,MZM,MOG
Person 103,29618,SES,YZX,BAH,ZMA,NQY,YZX,SES
Person 104,8597,COG,QSC,COG,SKU,FAN,MKG,COG
Person 105,6947,BEZ,DAQ,LLV,MMZ,ELQ,MMZ,BEZ
Person 106,9110,PKZ,MBL,LAI,BOD,KHE,PKZ
Person 107,11619,SQQ,TCG,PHA,MEI,YFA,SQQ
Person 108,21307,PNL,FYT,JDO,FYT,BWB,TAL,PNL
Person 109,11140,YER,BKA,UTK,IHU,TIH,YER
Person 110,18218,DVL,CHO,TTB,KGA,KFP,DVL
Person 111,8729,ARH,FZI,ARH,SSN,INY,KZR,ARH
Person 112,9385,PFR,C89,CEG,JUI,JOK,PFR
Person 113,17575,XSP,BEG,TEE,YYF,BEG,PKE,XSP
Person 114,17663,BVI,IGG,SXQ,AGC,BIU,BVI
Person 115,22989,BLH,APG,VIJ,TKQ,WME,TKQ,BLH
Person 116,10245,BHM,HOI,AER,NAS,NGU,BHM
Person 117,15974,SBD,VHM,RHE,VHM,NGQ,POM,SBD
Person 118,17753,JMK,IXZ,MON,IXZ,NNR,LAI,JMK
Person 119,15576,ENY,CWA,BOC,FDF,STZ,ENY
Person 120,16816,BIG,SFJ,SVQ,SFJ,PAX,FMN,BIG
Person 121,10182,LRM,HLD,BIO,CDN,ELH,LRM
Person 122,11003,BNS,UGO,MIM,KWJ,BBX,BNS
Person 123,9664,PBM,ARI,ING,ARI,YZP,IFP,PBM
Person 124,11655,BLF,CIU,YSD,VNS,PNY,BLF
Person 125,7292,USH,PGX,LLK,DMB,IXZ,DMB,USH
Person 126,17340,AAX,PSH,1H2,PMP,MIA,AAX
Person 127,13646,TPI,MPK,40J,SZZ,MPK,PEA,TPI
Person 128,18980,JDZ,FRE,UVA,AIZ,LTD,JDZ
Person 129,9564,PFB,GKN,NYA,STV,CAH,PFB
Person 130,15172,IDY,ZRT,ECP,GVL,SYY,IDY
Person 131,12079,QQS,KZR,BCO,CLO,38W,CLO,QQS
Person 132,23609,MFD,POE,AEA,GYU,TUA,MFD
Person 133,18535,BNP,FWA,SAF,SVA,BNP,LRS,BNP
Person 134,8396,AUY,AGU,KFB,KER,RNP,AUY
Person 135,13790,ROD,MZR,IXC,BQL,IXC,CIL,ROD
Person 136,12724,MNL,OAR,X07,WIC,KRP,MNL
Person 137,16577,FLF,DUS,LSS,YFA,YZS,FLF
Person 138,21751,SLQ,NTQ,FIG,MPN,FIG,CXO,SLQ
Person 139,7911,JIW,AEH,NOU,YLL,CYI,JIW
Person 140,23775,IDA,PHC,GET,PHC,WLK,WBQ,IDA
Person 141,8961,TKU,GSE,AKR,ABY,FLD,GSE,TKU
Person 142,13905,JZH,SBM,YUX,ILZ,UYL,JZH
Person 143,10335,HBE,KEZ,CVQ,KEZ,BEL,EPU,HBE
Person 144,11588,WEH,GEV,MRB,GEV,CCH,AGL,WEH
Person 145,5831,ULH,SWT,SUB,MQS,UBA,ULH
Person 146,2139,SOQ,PAX,PLD,KJI,UET,SOQ
Person 147,15304,HRB,LPU,CNW,XCM,MZM,HRB
Person 148,23836,TUO,WEI,BKM,BID,RDM,TUO
Person 149,5297,VRU,BLJ,YHS,EVW,PXM,BLJ,VRU
Person 150,13081,GIF,GPT,YWP,OBU,RKE,GIF
Person 151,10649,GYI,CTJ,LAR,YQQ,NOI,GYI
Person 152,7104,AZI,BZG,PFJ,DQH,PFJ,VPE,AZI
Person 153,15090,QYX,TEF,PVK,ALL,WIC,QYX
Person 154,2987,TPQ,IPA,OZC,IPA,SJK,CZM,TPQ
Person 155,12082,JLN,YCO,UCT,ZPQ,UCT,DMA,JLN
Person 156,4024,CAG,KLU,NYN,ZKB,DOG,CAG
Person 157,5920,MAA,KZI,QFD,TVF,BRX,QFD,MAA
Person 158,11361,VPC,IND,YRQ,LAO,AMQ,VPC
Person 159,7690,N87,AAE,SCZ,FTA,DTW,N87
Person 160,19293,ZGH,RUN,MVD,LAF,KOX,ZGH
Person 161,9974,NCA,FAA,GZT,MJC,FAA,VPS,NCA
Person 162,7850,INN,ZIG,CUQ,OLZ,LYX,INN
Person 163,9947,NTB,HAC,WSZ,HAC,ALI,BYM,NTB
Person 164,11133,BZI,PTK,FSM,IPC,HIJ,BZI
Person 165,6741,CME,CCV,KHN,CCV,AKV,BOS,CME
Person 166,9358,GED,AAZ,NZJ,DMA,AAZ,LAY,GED
Person 167,11991,MTR,MKR,TIE,JDO,MTR,DAL,MTR
Person 168,21887,FWA,PXM,LNO,OUL,EIN,FWA
Person 169,9955,JEG,HGL,BOJ,AMH,BPT,JEG
Person 170,20727,MAS,MLJ,FAB,HGL,PDV,MAS
Person 171,16817,CBT,RZA,CBT,PSM,LMO,LON,CBT
Person 172,11402,PPN,LNV,PHY,LBG,STX,PPN
Person 173,12540,BEP,TMC,ELM,YPD,BIA,BEP
Person 174,13248,SVW,TDG,UNN,TDG,GEL,SGY,SVW
Person 175,29337,LME,MHT,IND,YEK,IRG,LME
Person 176,18344,TEF,SOC,SGJ,A50,SOC,VAM,TEF
Person 177,26549,OSH,GZM,SFA,TIQ,ABI,OSH
Person 178,10862,HOF,HBX,CRK,MLT,NAP,HOF
Person 179,19327,CGR,OKF,HAK,FAI,MOS,OKF,CGR
Person 180,14492,LBP,ONQ,PIZ,COI,MEX,LBP
Person 181,24672,HOU,SFD,ELC,GTI,RND,HOU
Person 182,25494,EAM,GKL,MPU,NCE,SIC,EAM
Person 183,14408,NYU,ZGU,PEQ,WTL,NYU,SHJ,NYU
Person 184,11571,ATW,YZR,DUT,NFG,LXA,NFG,ATW
Person 185,11557,PAP,PBM,CND,MAK,ALS,PAP
Person 186,10348,IFN,END,CKB,SKS,TIP,SKS,IFN
Person 187,17037,FNT,BEB,BOR,NDU,BAV,FNT
Person 188,6481,MEH,AGH,HDD,ANI,EAA,MEH
Person 189,17229,RBD,MLU,ALJ,WUN,TBH,RBD
Person 190,1120,CEJ,HAS,NYK,LBJ,LZN,LBJ,CEJ
Person 191,12723,HUH,UKK,TAS,UIO,HUH,MEL,HUH
Person 192,15138,VRK,SKO,KHH,TWF,SPI,VRK
Person 193,7084,ULY,TAK,DHB,TGU,TUN,ULY
Person 194,20146,GIF,QPZ,SCC,YXY,FFO,GIF
Person 195,7441,MXT,KBZ,KLO,IXS,RZE,IXS,MXT
Person 196,14536,LEL,SEH,XFW,ZQW,MCP,LEL
Person 197,20002,IAN,NEW,DOU,RUN,TRR,IAN
Person 198,16565,FTY,MHA,CPH,MHA,DGE,INU,FTY
Person 199,12404,ELF,ADY,BHM,LEX,ORH,ELF
Person 200,7415,ZAZ,GCI,LLA,MCZ,TDL,ZAZ
Person 201,9843,UAS,DAM,BIX,PIP,WKJ,DAM,UAS
Person 202,8412,NIU,STK,PJA,TPJ,ELL,TPJ,NIU
Person 203,13986,DCM,GZA,NZH,WAG,LBS,NZH,DCM
Person 204,9782,MVB,APL,MVB,ATD,29D,YLS,MVB
Person 205,14313,HGS,CSX,MCW,YXR,MIK,HGS
Person 206,1574,SFA,GNA,INC,BTK,ZAJ,GNA,SFA
Person 207,1345,HZK,SWT,CSY,CFE,MUW,HZK
Person 208,25108,CUF,YQB,PAX,PZO,WJA,CUF
Person 209,955,RDS,CZS,CZU,MNL,TJS,RDS
Person 210,14038,CZS,YCY,LPT,LSW,KRB,LSW,CZS
Person 211,13556,KHD,MBD,KHD,EUG,XZK,BED,KHD
Person 212,14163,BAF,VVZ,UBB,IXS,KGS,VVZ,BAF
Person 213,10719,KGP,ESN,NIP,CKV,TVF,KGP
Person 214,11665,TBJ,CWC,YUM,CWI,SQQ,CWC,TBJ
Person 215,19221,YXD,PAR,VIC,LBI,JEE,YXD
Person 216,23733,BRL,PIO,ALC,SNP,MWM,BRL
Person 217,18325,HYV,BPX,LTU,DLG,ZSF,HYV
Person 218,8600,DHM,CFU,DHM,TPQ,TTQ,AIE,DHM
Person 219,11490,BPS,GSQ,BAX,C91,LDB,BPS
Person 220,10316,MRU,GEG,YHD,YXR,POI,MRU
Person 221,27382,ULI,MRO,TAP,ATH,C91,TAP,ULI
Person 222,17168,MFM,CPD,MFM,RIY,MCZ,NLG,MFM
Person 223,5951,YBG,TEE,DMM,TEE,HAC,PUS,YBG
Person 224,1168,HFN,NOE,JLD,HFN,VNA,PPE,HFN
Person 225,5664,TMJ,NBO,IVA,COJ,KPO,TMJ
Person 226,20075,CET,UGA,VCP,LXY,FRN,UGA,CET
Person 227,12347,BDS,SKU,HUI,SAP,CAX,BDS
Person 228,11188,CMN,MMX,BJM,MXH,BJM,OGS,CMN
Person 229,13911,TBP,SFQ,RRG,IGM,YQA,TBP
Person 230,12163,BCO,GOM,KOS,NZY,YFB,BCO
Person 231,39093,SVU,TND,OMM,MNM,ELH,TND,SVU
Person 232,17449,QNX,ABQ,YQH,TKS,TLN,QNX
Person 233,17725,YAB,GQQ,TRC,TBF,TRC,SXF,YAB
Person 234,1357,YUS,XYE,CMK,JUV,HEA,YUS
Person 235,18788,CEJ,BDT,UMR,BDT,ELY,PEF,CEJ
Person 236,4653,TLS,AGE,KRF,NOV,HLH,KRF,TLS
Person 237,15790,RUT,YYR,POZ,CSY,HLZ,RUT
Person 238,11993,SBN,BWI,ILG,GNB,TEQ,SBN
Person 239,9115,QWC,CGO,BPR,RUS,BPR,WPR,QWC
Person 240,4512,FBU,BWO,DIY,BWO,NHK,CYW,FBU
Person 241,14735,GTA,JVA,DXR,IRK,E51,GTA
Person 242,15039,X07,TZX,STV,SEE,EYW,X07
Person 243,5404,NHV,WNH,PZI,ESX,TOM,NHV
Person 244,13406,KDI,YFH,VDE,JGA,PNK,KDI
Person 245,6755,SGO,KUA,RJN,SCX,PDP,SGO
Person 246,15435,MPH,MRN,LTN,EIN,JNZ,MPH
Person 247,10134,ATD,TXN,GUW,XZK,TKU,GUW,ATD
Person 248,17126,FRD,CBV,FAB,BGM,PTB,CBV,FRD
Person 249,12161,EAU,MGL,TCE,OMD,END,EAU
Person 250,9254,ZTY,BFT,MNX,MNJ,BKS,ZTY
Person 251,8474,GLD,YBC,RTW,SLV,RXS,GLD
Person 252,14160,JAN,HWO,FAJ,HUU,TKA,JAN
Person 253,19718,DBQ,LWM,MXX,DVA,MXX,ARM,DBQ
Person 254,18590,CWT,MHV,MGL,MSS,DKX,CWT
Person 255,20085,BHX,BGS,YRS,HIR,OKB,HIR,BHX
Person 256,13168,PMV,OXF,SIC,SWP,AUW,PMV
Person 257,3304,TBH,LOP,IVR,LOP,ORN,BSK,TBH
Person 258,13329,QBC,BEJ,YPN,LUK,YST,QBC
Person 259,15790,BFS,AGA,IFL,URC,YRG,BFS
Person 260,15374,MLY,RKH,PMW,NAG,WMX,MLY
Person 261,21559,HKY,DNN,ZNA,TIQ,MYW,HKY
Person 262,14936,SEY,WMN,NTN,WMN,KEH,YQD,SEY
Person 263,19026,FFZ,E51,LAK,PBO,HVA,FFZ
Person 264,17779,VCP,RHD,BHQ,AXU,LYB,RHD,VCP
Person 265,3613,BGO,ZRJ,NTR,NAI,GDE,BGO
Person 266,10290,PEW,BRI,ZIG,YVR,TOY,PEW
Person 267,11231,CSY,YAO,2A0,RGI,MLO,CSY
Person 268,24428,OAJ,NCE,PFO,MSZ,KTR,MSZ,OAJ
Person 269,18112,ALH,BPF,IDR,WAL,FCO,IDR,ALH
Person 270,12731,KGG,DAT,VVZ,JOT,KAO,VVZ,KGG
Person 271,15523,KMS,TAN,WVN,CKH,CXJ,KMS
Person 272,18652,CZE,HND,HIW,QFO,PDT,CZE
Person 273,10215,LPB,LYM,KNO,KVK,SIK,LPB
Person 274,10293,IXJ,OMH,TCS,06N,PUR,OMH,IXJ
Person 275,9955,KRK,AES,SEH,MVF,ISW,AES,KRK
Person 276,19402,KUM,DUM,SSI,EPU,CIL,KUM
Person 277,9212,UBA,LPG,CPB,LHD,CPB,BZB,UBA
Person 278,16230,XKS,ZIN,GIF,EUF,LHX,XKS
Person 279,15684,SVW,OME,ROD,BFX,PTP,BFX,SVW
Person 280,25901,TPL,LEV,ISC,YNA,GUS,TPL
Person 281,15444,2G9,ALB,HLD,ISK,EXM,ISK,2G9
Person 282,11822,HOB,MMB,SUI,MXT,WEL,MXT,HOB
Person 283,15243,KAN,KMJ,SLL,KAN,TPP,LDO,KAN
Person 284,13576,KTN,KLL,HIA,NGE,BDL,KTN
Person 285,9996,MNU,MLX,RKZ,JGD,MNU,KTF,MNU
Person 286,13793,EQY,TNO,ROI,EAS,YQH,EQY
Person 287,17400,YKN,LYH,JUV,WEL,MAV,YKN
Person 288,8513,GAL,GLS,TMU,AKA,BXB,GAL
Person 289,23870,KUA,SOC,XAC,POA,WKL,SOC,KUA
Person 290,11672,HFA,KHE,BOU,KHE,OKY,NLT,HFA
Person 291,7935,GED,ADZ,KLW,S30,ADW,GED
Person 292,11143,VLL,GML,THR,SHV,YEG,VLL
Person 293,21154,ONB,KMP,TUW,GNT,YST,ONB
Person 294,8873,TPP,RGI,AIT,RGI,MKU,CID,TPP
Person 295,21772,QXB,ODE,RCM,E55,LKP,ODE,QXB
Person 296,26992,ALL,MYP,OAM,RIR,LEX,ALL
Person 297,19224,KSJ,ADE,DRW,ADE,BYS,YCT,KSJ
Person 298,10432,FRL,HUA,PCM,IQQ,HLA,FRL
Person 299,8929,PRV,BTM,YQF,MGW,YEM,PRV
Person 300,8253,FDF,FOD,GUB,UMD,TNE,FDF
Person 301,19753,AVO,BWO,BVI,SHJ,BWO,AUS,AVO
Person 302,20904,ZMA,OBC,AUJ,LAX,CGR,ZMA
Person 303,16986,AFE,ERV,SBM,BIA,AYK,AFE
Person 304,4267,POS,HFN,TKX,JES,SFB,POS
Person 305,8493,TUI,IXP,RBD,YBI,RBA,TUI
Person 306,21422,YCL,YXS,BZA,DUD,BZA,ZES,YCL
Person 307,13810,AGI,AAZ,RMK,LWY,NTU,AAZ,AGI
Person 308,16785,TTJ,TVA,MAD,3G3,EXI,TTJ
Person 309,15453,STW,GIS,AUJ,IKO,KYU,STW
Person 310,13604,KUA,YQQ,YPA,XAD,GYA,KUA
Person 311,17750,EHM,YJS,RSD,ORG,LEH,EHM
Person 312,4826,TSL,BHV,VVI,OAX,PMB,TSL
Person 313,14706,FBS,SOP,NEC,WVB,KRL,FBS
Person 314,19892,PTJ,AMY,UVA,GUP,QBC,PTJ
Person 315,17257,PUB,OPO,TUU,HRL,E51,PUB
Person 316,14397,PFQ,NLF,JRH,PFQ,INS,LOO,PFQ
Person 317,19723,RMQ,IOA,LTT,MWH,KLN,RMQ
Person 318,11722,SAQ,09J,HVR,VDB,URE,VDB,SAQ
Person 319,7952,LPA,TID,KRI,SVJ,NAV,TID,LPA
Person 320,5800,ERZ,WTA,RIS,RVN,PDV,ERZ
Person 321,18910,LYS,THO,AMZ,PHF,THO,PKH,LYS
Person 322,22451,CDR,AFL,GLQ,LES,AKP,CDR
Person 323,5137,DSK,DLE,SFL,LCL,SFL,MQX,DSK
Person 324,15132,MLW,CHO,AAZ,MLW,LST,HBT,MLW
Person 325,20307,MPL,ZRA,TBN,ELP,JCB,MPL
Person 326,8911,SAH,HOR,MWL,CNM,CYW,SAH
Person 327,7455,AFT,PYJ,YKU,RNI,UTK,AFT
Person 328,26865,AVV,RAF,LCA,LHV,JUL,RAF,AVV
Person 329,22353,AKI,YTY,TCO,ADL,YTY,VNO,AKI
Person 330,10126,DKK,BGI,SRR,YHB,MCW,DKK
Person 331,7544,ASF,BKZ,PFN,OBE,KYS,ASF
Person 332,6762,YFO,LBG,JLD,IXA,MXT,YFO
Person 333,13423,PHC,W04,DAY,CCF,GHT,PHC
Person 334,15438,TMS,KPY,DRS,AVN,TMS,SRA,TMS
Person 335,4866,IXS,EGV,LOZ,MCF,PCA,IXS
Person 336,4870,BHF,HMR,NLV,DMK,CFB,BHF
Person 337,12482,E25,BCV,ACD,VCA,QNJ,ACD,E25
Person 338,9778,ECA,EWB,HRK,KWE,HRK,MDK,ECA
Person 339,9704,GYM,LMC,CQM,KIF,TRM,GYM
Person 340,20298,GKK,JSR,AEP,KOZ,LHR,JSR,GKK
Person 341,9519,BED,TND,DZA,IXC,YSU,BED
Person 342,7516,YWH,RCL,ZAM,VRC,KHD,YWH
Person 343,3725,PJG,UGA,SCS,ZAD,LLI,PJG
Person 344,2226,KBU,KTG,KUG,KBU,RIK,ONJ,KBU
Person 345,12058,BHF,FIH,WVB,FIH,SAC,EOH,BHF
Person 346,20983,ORG,AIC,YIW,LUR,TCL,ORG
Person 347,17131,NCS,JIM,TCL,YXY,HGU,NCS
Person 348,17755,ATT,KBC,NRD,NBO,KWZ,ATT
Person 349,14303,CXP,ORH,RMP,KPR,CBO,CXP
Person 350,7905,CRA,RET,SGC,OKY,UYN,SGC,CRA
Person 351,18541,VPN,PCP,BRK,MWL,VPN,NTE,VPN
Person 352,9451,ORE,YCL,SFH,VSA,UDR,ORE
Person 353,11071,SRQ,AZO,TNF,THN,SFN,SRQ
Person 354,11612,GSP,YYY,IOR,DXB,GIL,GSP
Person 355,12616,NQT,YAG,MLI,XQP,PSI,NQT
Person 356,9610,WNN,JJI,MBZ,WJR,YGW,WNN
Person 357,10051,JMY,HIJ,ZTR,JMY,CTB,BMI,JMY
Person 358,10321,MVF,AGT,BPN,KAU,PZO,MVF
Person 359,24238,CHT,PAC,YBO,CYT,YDB,CHT
Person 360,21571,PSC,MFR,RTA,DGE,RTA,HKY,PSC
Person 361,19641,ZWU,PVE,AYP,OAM,ALI,ZWU
Person 362,14339,CME,LMP,GTI,YBZ,YCG,CME
Person 363,18709,AKR,KGI,WTL,YXD,BJL,AKR
Person 364,9473,ZAR,MAU,DNL,RYN,GDN,ZAR
Person 365,27091,WGE,ONP,BFL,VRB,YCR,WGE
Person 366,14745,ZYP,CLD,INS,YHY,IXY,ZYP
Person 367,24097,SDJ,MPN,SOW,ZSY,LUF,SDJ
Person 368,8055,VLL,TNG,SSX,UKA,1B9,VLL
Person 369,23091,YRJ,BYM,BLT,LWT,BYM,PZE,YRJ
Person 370,15797,POL,SNP,YIN,WUN,POL,EZE,POL
Person 371,10090,TCB,CMN,AZN,MBD,AZN,FST,TCB
Person 372,21037,DRW,LEA,LUN,EPM,JED,LUN,DRW
Person 373,11478,GIS,IXL,RGB,PES,KRO,GIS
Person 374,12919,BNK,LJA,KNP,LJA,UDG,MDE,BNK
Person 375,9632,LLA,ZZU,DRO,YRS,LLA,CDG,LLA
Person 376,3311,ANU,POA,SFN,DWB,TJQ,ANU
Person 377,12452,SJW,TGR,SOD,MCD,JHL,TGR,SJW
Person 378,17774,SIR,GIL,VPS,WWP,ORT,SIR
Person 379,7537,CLV,GRY,ABT,IBZ,GRY,TOH,CLV
Person 380,13042,FYU,YPE,YPH,RSI,PLL,FYU
Person 381,9588,FBD,DUB,THO,JAX,ZFN,THO,FBD
Person 382,9199,DME,BDN,GGS,ZTY,SNR,DME
Person 383,12468,SIF,MXM,SLN,RFD,DYG,SIF
Person 384,19972,ZFN,VVO,NTN,VVO,SMA,HOQ,ZFN
Person 385,12741,C23,DSN,LUH,YTL,VDA,LUH,C23
Person 386,19264,YQB,IBZ,WVB,MEY,GFN,MEY,YQB
Person 387,16254,MXP,MTF,JLR,PDX,LFK,MXP
Person 388,13196,ULI,VCA,BCT,VTB,TKK,ULI
Person 389,10516,MJK,DPL,PIZ,PAJ,AGX,MJK
Person 390,10995,LAP,SKU,AZR,UTO,LAP,MOB,LAP
Person 391,10385,XYA,MIG,ASJ,YPM,ENA,ASJ,XYA
Person 392,11993,JJI,YHS,SSJ,CHQ,UND,JJI
Person 393,20324,SEB,X21,GST,UKB,ROP,UKB,SEB
Person 394,15612,YCB,RDZ,TRN,PHS,COC,YCB
Person 395,8715,KIK,SLQ,TLS,TID,IBA,KIK
Person 396,20390,WSJ,AGM,SCY,GTR,AGM,MNF,WSJ
Person 397,12604,CIJ,ORY,MSQ,ROV,MSQ,NON,CIJ
Person 398,20761,JER,BEL,ADY,WTO,XIL,JER
Person 399,8286,TNX,GDX,MMJ,ONB,MMJ,TBO,TNX
Person 400,18552,IAD,DNK,BAH,DNK,VMU,JMO,IAD
Person 401,12795,RDN,ADX,YFX,MBL,CSC,RDN
Person 402,11182,YCS,MDW,YPO,GEN,DLG,YCS
Person 403,21301,PLS,EKO,ZML,SWA,ADL,SWA,PLS
Person 404,14378,GOV,RUS,KDO,MUX,ERI,MUX,GOV
Person 405,12913,MRY,UTC,JOK,FRW,JOK,SEE,MRY
Person 406,12826,HDO,POE,YKN,MQC,IMP,HDO
Person 407,6539,TGR,JFK,RIL,GDL,TGR,RUH,TGR
Person 408,3618,YBR,QCU,BSC,MSI,WMN,YBR
Person 409,10274,UDE,VIC,GYI,ARU,GYI,TEN,UDE
Person 410,9719,ADF,SGD,HOI,YBZ,SGD,TML,ADF
Person 411,7910,LGS,AMD,MIG,AMD,MLU,YMS,LGS
Person 412,12390,FRA,FLW,CFO,APK,WPB,FRA
Person 413,4683,OYL,ZGU,JUJ,REU,TCE,OYL
Person 414,19405,HRL,DGO,QXB,MLE,KSA,DGO,HRL
Person 415,11145,TKI,BWD,WLH,IMF,BFO,TKI
Person 416,9133,SGU,TRU,PUQ,GUR,RUS,SGU
Person 417,17086,HUN,BJU,YKL,CHR,BJU,PCN,HUN
Person 418,3392,LUH,NKG,IKT,WAT,KLD,LUH
Person 419,752,MYB,NGE,KUL,KHM,GEO,MYB
Person 420,13874,MVL,TCB,CZM,YPR,CZM,TLG,MVL
Person 421,19574,VEE,IXU,ONB,IXU,SWF,NFL,VEE
Person 422,24578,DRB,MPA,HKY,EVW,SCK,DRB
Person 423,1884,TCD,DTD,EPU,RYG,AXM,TCD
Person 424,8608,HSV,LPS,1RL,YRL,HST,HSV
Person 425,16739,GEU,SFD,PCL,SFD,TXL,KNO,GEU
Person 426,7549,XFN,YUY,ZUM,CQF,SGD,XFN
Person 427,13903,MHK,ULV,TKT,AAU,DGL,MHK
Person 428,17053,PTJ,REP,YCG,ARE,JOS,REP,PTJ
Person 429,6142,YOC,TEA,MUW,MSI,ELG,YOC
Person 430,25969,BRT,TNC,SAY,BRM,GYA,BRT
Person 431,11074,AAK,RVV,LKE,ORJ,NBB,AAK
Person 432,22140,NQT,MFX,YUS,CTN,YUS,VSF,NQT
Person 433,15677,IUD,CEE,HYA,YPH,CEE,WNR,IUD
Person 434,9797,LNE,ACR,PLU,ACR,HAM,AOJ,LNE
Person 435,19137,RMY,MGA,PMR,LUQ,MGA,OBN,RMY
Person 436,3913,MPV,PSM,OCV,ZAM,PKU,MPV
Person 437,13083,ATY,DHN,ING,LKH,MOH,ATY
Person 438,14033,VIT,KTT,HVD,CAP,MDS,VIT
Person 439,1364,COK,WTS,PES,PFR,WTS,BNY,COK
Person 440,12693,WCH,WSZ,PLW,FTU,PLW,S46,WCH
Person 441,6299,BJO,CVJ,CSO,MRX,KHN,MRX,BJO
Person 442,7003,23M,ABQ,APA,BTM,JYO,23M
Person 443,9663,CAZ,TKS,N87,POF,PLD,CAZ
Person 444,19938,XYD,CWA,CCR,TAL,YHY,XYD
Person 445,10923,IFJ,DOK,SMA,IFJ,FNE,ZWL,IFJ
Person 446,7976,BYM,JHG,XSI,YMW,HLR,BYM
Person 447,7976,QNJ,GVX,FST,TME,DLU,QNJ
Person 448,22421,MGB,WBM,IAH,ZWL,KBW,WBM,MGB
Person 449,13774,EGX,NNG,JSR,JNB,JSR,SGF,EGX
Person 450,16429,BMM,GLJ,KEK,YAT,CSA,BMM
Person 451,7672,CPC,TNJ,ZYL,TNJ,LOU,YMS,CPC
Person 452,10623,RZE,RKV,TOW,RKV,KAT,UTP,RZE
Person 453,6791,YVP,XEV,BRI,XEV,RSU,WNP,YVP
Person 454,19526,NLA,LNO,NLA,BTO,DTM,GWW,NLA
Person 455,15647,KRW,CIH,NTD,OZA,ING,KRW
Person 456,4568,PSU,DXB,ZAQ,VAW,KIJ,PSU
Person 457,7600,JSR,BPU,YIV,BPU,ZUH,GYS,JSR
Person 458,21815,TSV,RIC,TSS,LAI,CIO,TSV
Person 459,13808,ROD,W04,HOM,ROD,ZWR,LEI,ROD
Person 460,16481,CYZ,KFP,EOI,TDJ,YBP,CYZ
Person 461,4722,CVJ,MMX,OUI,C47,LZU,CVJ
Person 462,9130,UMP,IDL,MVL,YSO,FRU,UMP
Person 463,7061,STC,LFR,ONJ,KDZ,HHA,ONJ,STC
Person 464,6832,SIF,WJU,ZTB,PGX,OGZ,SIF
Person 465,8582,MYD,MIV,AUW,TYE,GDX,MYD
Person 466,19569,TIC,SMX,AMV,CNG,AMV,DVD,TIC
Person 467,6158,BUF,VIG,NAT,GXG,NEZ,BUF
Person 468,11370,XDS,KRK,HBT,WUS,EQS,XDS
Person 469,8936,MEM,GHA,PKR,DLM,GHA,LOS,MEM
Person 470,6738,YCB,UVA,UIB,SYZ,NAG,SYZ,YCB
Person 471,11162,AKX,ZFA,YQT,QNJ,AKX,LAD,AKX
Person 472,27326,PNZ,KUG,PSG,ILF,BOU,PNZ
Person 473,17583,LEL,GMI,KNC,FFZ,YBZ,KNC,LEL
Person 474,5780,ATB,NAQ,GVR,AAM,ETH,ATB
Person 475,23292,NJK,NOB,PQQ,NOB,LIN,STC,NJK
Person 476,9892,AGJ,EWD,SWS,AEY,ADS,AEY,AGJ
Person 477,10846,YNY,KYS,ELH,MIA,YRB,YNY
Person 478,10860,CEF,JZP,TUS,YZZ,SKN,CEF
Person 479,10642,MEA,BEF,XFW,TCG,IGA,BEF,MEA
Person 480,21478,TWA,FLL,PZO,LCA,CIA,TWA
Person 481,16939,CFR,TLV,NEW,SSB,CXJ,CFR
Person 482,22622,CZF,MNY,CCL,MNY,LVR,QPZ,CZF
Person 483,9637,RID,PFJ,BJM,DGT,PDB,RID
Person 484,6206,PVS,OVB,THL,RES,MNM,PVS
Person 485,23047,MCW,YOD,NFO,MZV,MCM,MCW
Person 486,3816,RXS,OIM,SVN,KIA,PPL,RXS
Person 487,12698,HAM,NUI,YDB,FOD,SLP,HAM
Person 488,13575,KKJ,LKO,KKJ,FRC,EUF,DLG,KKJ
Person 489,10265,BIM,BKL,FAI,OHH,GXG,BIM
Person 490,14445,GSB,DLH,ZTU,URC,GLK,GSB
Person 491,15362,KAB,OYG,MWH,OLV,LIN,OYG,KAB
Person 492,4817,OFF,FFO,VRA,EYP,SEE,OFF
Person 493,18529,IGM,YUD,ILZ,BEN,SJC,IGM
Person 494,8162,MLB,KIA,SEL,SBS,YYY,MLB
Person 495,12116,LGL,TPE,C65,YIO,TPE,PHW,LGL
Person 496,14441,KLO,SYW,24J,EXI,LUR,KLO
Person 497,5355,LIR,CZU,QOW,CZU,YKM,BAB,LIR
Person 498,16555,KBZ,BCD,VGD,PVE,LBE,VGD,KBZ
Person 499,19096,HFD,WYE,ABM,BPC,WYE,PBI,HFD
Person 500,10488,DZN,PNH,MAT,OFF,UCA,DZN
Person 501,2485,SLW,IMB,KEN,KSU,KEN,CHY,SLW
Person 502,19502,SPR,MII,NCY,WUS,C89,SPR
Person 503,32777,OGG,XCH,ENC,YYB,MBZ,OGG
Person 504,12608,EEN,SKV,DIW,CEB,DIW,FCS,EEN
Person 505,20051,CGF,HYA,ZWL,AWK,SOW,CGF
Person 506,8863,XCD,OLB,SKD,NTX,YHO,XCD
Person 507,4957,HTG,IWJ,THS,UND,LEJ,HTG
Person 508,13295,FUS,AJI,DOY,MNY,ME5,FUS
Person 509,21265,VIT,MSS,DOV,EZE,LNV,VIT
Person 510,18689,CEI,VOH,IQQ,GCI,HKB,CEI
Person 511,18906,YGT,MXX,RAM,MXX,MGR,MCW,YGT
Person 512,3532,SJJ,GAE,NGE,APL,NGE,NKG,SJJ
Person 513,11530,YVT,TAC,ZVE,AGC,YNE,YVT
Person 514,23802,ELH,GYM,LEL,ONT,GYM,LPL,ELH
Person 515,24206,POW,DAX,SHT,DAX,XNA,YBI,POW
Person 516,5151,COJ,MRZ,CEB,MUX,IAS,MUX,COJ
Person 517,4964,KMA,TNJ,PNB,BZB,CWC,TNJ,KMA
Person 518,19294,WWP,SUE,SRE,TIY,AUU,WWP
Person 519,22116,BZE,BLK,AKK,ABI,DQH,BZE
Person 520,9317,ORE,IRD,DAT,IRD,RVV,RCB,ORE
Person 521,5675,GRY,EKI,YZV,GRY,JWA,UYL,GRY
Person 522,18065,MFN,JRH,MSN,CMF,TTA,JRH,MFN
Person 523,10127,WCH,ODE,YJM,1H2,CUZ,WCH
Person 524,14017,VEY,NPE,VLV,VEY,SEB,DHR,VEY
Person 525,27518,AUS,AUK,AZ3,FYT,PSY,AUS
Person 526,9069,KAC,VHC,LTK,OSH,SUI,KAC
Person 527,4319,MOS,TEQ,LYR,BXB,TIM,MOS
Person 528,3211,TBW,NGX,KIS,CHR,CMF,TBW
Person 529,16335,NAG,PTZ,PAX,IGA,YGE,NAG
Person 530,6136,QQK,NBB,GMP,EBD,NOV,QQK
Person 531,6256,KSD,YUB,PAH,SLW,KWJ,KSD
Person 532,8309,MNB,VCL,OHH,VCL,GFL,MCZ,MNB
Person 533,13091,JZP,SMZ,BBU,KLS,AZA,JZP
Person 534,13001,ROA,TBO,ZAT,UNN,TBO,EET,ROA
Person 535,17509,MZL,ING,MZL,BAL,MDY,IRC,MZL
Person 536,3626,VGZ,FUG,RWN,QQU,RJK,RWN,VGZ
Person 537,13335,HQM,CLC,RIK,FUK,QUA,HQM
Person 538,10916,FRI,CER,NAL,TBZ,ORP,TBZ,FRI
Person 539,10458,AQG,KLH,BFO,PBG,GVR,BFO,AQG
Person 540,16182,SHE,ZSY,SBS,NBG,PPB,SHE
Person 541,10028,DSK,SGN,OKA,SGN,XEG,UDE,DSK
Person 542,16712,LYE,SQQ,RBY,OTS,HOG,LYE
Person 543,3243,YTS,UII,QPJ,AMD,DEA,QPJ,YTS
Person 544,21075,PBF,YCO,CYI,SIR,BBR,PBF
Person 545,10943,RNN,DHN,GKN,KUH,WAQ,RNN
Person 546,3024,DOP,MLG,GUM,SHI,MLG,VIR,DOP
Person 547,18154,LKS,CCU,BCI,CCU,KSM,DTW,LKS
Person 548,10701,FUS,MMZ,BLV,PBL,RGS,FUS
Person 549,9401,GHF,JAA,WKM,YZG,XPG,GHF
Person 550,20029,XVF,WVK,HBR,SAL,RSD,XVF
Person 551,12830,PGX,DSK,WMR,AMY,MQB,PGX
Person 552,11504,EAT,TJM,MZV,DJB,DTI,EAT
Person 553,21063,ESN,NIT,TQR,IPH,CVX,ESN
Person 554,5553,VIL,ULG,MEE,LNJ,ULG,BBH,VIL
Person 555,6980,COQ,SNY,LIR,SFA,UIK,COQ
Person 556,1739,CMB,KBU,ATP,LMY,KBU,NCS,CMB
Person 557,8806,TUC,MGW,RZE,IEV,DBM,TUC
Person 558,7250,KSM,CNP,ZAT,RVA,BIY,RVA,KSM
Person 559,11180,YGO,EDL,WMX,SCE,YMO,YGO
Person 560,12909,LRE,TKN,BJI,UUU,ARH,TKN,LRE
Person 561,8709,PED,ITM,GWO,HRT,BDR,PED
Person 562,11594,MLT,YHD,FTE,BUI,LBW,MLT
Person 563,14097,CHE,NOV,RDN,KCZ,MBL,CHE
Person 564,16053,CEU,OMF,GOR,LPM,BJC,CEU
Person 565,13180,RIC,CFU,BHH,SIQ,0G6,RIC
Person 566,11252,PFR,NYG,BKW,RGA,PFR,RRG,PFR
Person 567,21209,YTQ,ENV,TPL,PMY,CHC,PMY,YTQ
Person 568,13892,LAY,TBF,GHU,GPB,GHU,EAM,LAY
Person 569,8198,OSK,JSA,VKG,CGM,VKG,WBU,OSK
Person 570,18073,SPN,HKN,CZN,XEG,DOM,SPN
Person 571,10750,ZTM,BIN,PHK,LCQ,HXD,ZTM
Person 572,8864,VAV,DRK,FIT,ABY,COI,DRK,VAV
Person 573,14108,POR,CRI,CTM,FOR,CTM,GZO,POR
Person 574,7543,GFF,HUH,TLG,RYB,GYM,HUH,GFF
Person 575,19467,XNA,TMU,TSU,TMU,IVL,LBT,XNA
Person 576,24088,TRM,AQC,GKA,KTA,GKA,AKC,TRM
Person 577,15907,ZFD,TAE,BBP,EPL,ERI,ZFD
Person 578,21421,VBG,POJ,BGG,AZ3,CHC,VBG
Person 579,15569,RDZ,HAH,PSU,CIL,EAA,RDZ
Person 580,10414,GLT,PKP,AUA,UMU,ELG,GLT
Person 581,36616,TUO,ZXE,BJZ,X39,SLE,TUO
Person 582,12689,CVG,MLW,KVA,FRU,DOY,FRU,CVG
Person 583,21128,OKN,CHX,VGO,SSJ,OKN,AVV,OKN
Person 584,12208,EDW,VLS,UMR,VLS,NBE,CZL,EDW
Person 585,5690,HUF,BWG,BHG,MAK,LNS,HUF
Person 586,10463,KWJ,DOE,EIN,THO,OTH,THO,KWJ
Person 587,9919,JMK,QMJ,BYK,QMJ,LHX,SOO,JMK
Person 588,4171,SKZ,NAT,SKZ,UIK,KWL,LUH,SKZ
Person 589,13172,FOR,BEI,VNY,UST,HOW,FOR
Person 590,6397,SUG,GIG,VDC,VIJ,QRO,SUG
Person 591,8073,EDI,GRZ,CIT,DLC,CIT,KHW,EDI
Person 592,9955,NIP,POS,YCG,YIO,YTF,NIP
Person 593,13632,BEC,AND,BVA,BBO,WAM,BEC
Person 594,25540,XWW,KNO,WBU,ZSW,PTF,XWW
Person 595,22231,THQ,GRF,VQS,YIF,CHR,THQ
Person 596,17379,KTE,DDG,HSK,ESE,MRZ,KTE
Person 597,9988,TNG,KIK,MON,ZCO,BRR,TNG
Person 598,19589,KWE,YZP,XKS,STM,CIA,KWE
Person 599,9749,CHA,EGV,VIN,REN,DYG,REN,CHA
Person 600,13875,MZO,HHR,MZO,EPU,AGC,JYL,MZO
Person 601,17746,KVG,BKQ,KVG,LUF,YYL,YZP,KVG
Person 602,13871,BOM,XYE,RAR,EWK,LKN,BOM
Person 603,22149,WVB,LRE,GOP,COS,MOS,GOP,WVB
Person 604,8792,EDI,SMI,AER,BSX,FUE,EDI
Person 605,18039,OAJ,WRI,BIQ,TOB,GCM,OAJ
Person 606,14840,OEB,LOU,PHD,HEM,CWA,OEB
Person 607,12510,UUU,XDS,NRT,PIO,EAR,UUU
Person 608,15621,DNV,RAC,IMT,PNK,RBD,DNV
Person 609,18495,MGF,WHP,OLF,PFO,WUU,MGF
Person 610,12283,SHL,TOY,SDF,NPA,DUG,TOY,SHL
Person 611,15911,BIO,YQX,PGA,BGK,LON,BIO
Person 612,8610,ITM,CCN,NDJ,ILN,ZJN,ITM
Person 613,29698,IGS,BSB,AMZ,OSU,ZGG,IGS
Person 614,13122,KEY,TUS,F57,ONH,KJA,KEY
Person 615,12809,DMD,MNG,HJR,MDW,OLA,HJR,DMD
Person 616,16148,SBN,A39,ADQ,ANI,ACX,SBN
Person 617,5514,CKY,AXR,HIW,YAB,IAM,CKY
Person 618,2680,SOF,UDJ,UMS,PSZ,PTG,SOF
Person 619,16687,TTJ,PNP,TTJ,STT,RAL,AET,TTJ
Person 620,4545,BEY,SOD,BEY,KTE,KMQ,KGD,BEY
Person 621,17748,EKN,NVP,MRS,EAS,BFF,EKN
Person 622,13034,DOE,ERN,WUS,LEX,EWB,DOE
Person 623,10614,PAD,SID,FRW,SID,MMJ,YFS,PAD
Person 624,10249,YRF,MUX,NYE,YPA,YSJ,YRF
Person 625,19241,HIJ,BKZ,BOC,AKP,HIJ,ALH,HIJ
Person 626,9528,VDA,ADH,YPM,YXX,KQA,ADH,VDA
Person 627,7414,RUT,PFJ,DYU,HTA,CNY,RUT
Person 628,18217,TFS,MOQ,KGT,MOQ,YAC,BWF,TFS
Person 629,8842,BHF,IIL,NBO,IIL,FWA,YAM,BHF
Person 630,5399,DGO,JCU,TGM,UDR,TCY,UDR,DGO
Person 631,552,SMW,MQQ,OMR,MHP,ZAL,SMW
Person 632,10710,TTN,LHA,NVI,MFU,SEU,TTN
Person 633,11091,QDU,KIE,GRI,ESN,LSI,QDU
Person 634,11935,PBX,K27,KZS,REN,TIE,REN,PBX
Person 635,8715,MZO,FGI,E55,BOI,SNY,MZO
Person 636,1375,CKZ,VSG,SVX,DWB,ESE,SVX,CKZ
Person 637,16511,ANN,TSL,HOW,TSL,GRX,PLY,ANN
Person 638,5441,XLS,YXK,JKG,XLS,KWZ,CVI,XLS
Person 639,19075,SBM,XHP,HME,NSO,CXI,SBM
Person 640,9253,ASP,BXU,LPQ,ZFN,JZH,LPQ,ASP
Person 641,14711,1C9,YGG,AIN,NNG,YWK,1C9
Person 642,9177,GER,KYS,PMR,NTQ,EKI,GER
Person 643,7164,KHG,DED,LEI,LDE,MUQ,KHG
Person 644,13988,PMC,AGF,GVA,ADF,PMC,MUK,PMC
Person 645,17183,YUS,ALL,YKN,YCO,YNJ,YUS
Person 646,11404,VIN,POF,YAZ,BJS,VIN,KRT,VIN
Person 647,12168,BBJ,NOJ,SQG,DGA,ABL,NOJ,BBJ
Person 648,2190,LNB,ASJ,GRV,LAD,GIS,LNB
Person 649,21248,NNL,IPA,HDB,HCC,CPS,NNL
Person 650,14172,VLG,LYN,ARH,AIA,CRI,VLG
Person 651,16312,PRA,PLQ,HEL,ILI,HCN,PRA
Person 652,7928,AGC,OGL,ZUH,CAN,SDY,AGC
Person 653,23032,BHR,MAD,PKB,CIX,HKK,BHR
Person 654,24761,POF,HYV,ETH,EMD,CEZ,POF
Person 655,10121,PAB,PMW,KCC,YFR,OIM,PAB
Person 656,3731,YNT,MZR,UUA,MZI,BGI,MZI,YNT
Person 657,3815,ORB,BTK,COR,ULH,KAU,ORB
Person 658,9701,LZC,DRS,GXF,DRM,ALS,LZC
Person 659,19593,WWK,KCQ,TLC,PLY,YCS,TLC,WWK
Person 660,17275,SEN,BIS,ARB,LSP,CLV,LSP,SEN
Person 661,16943,YRJ,CBL,BWT,CPQ,SJL,CBL,YRJ
Person 662,12134,ODY,LGC,FOG,IGL,HLD,ODY
Person 663,9695,RRS,PID,FKL,RRS,RPN,CIO,RRS
Person 664,7240,CAQ,CAZ,RXS,VKO,BMT,CAQ
Person 665,12940,ELC,VDA,KRN,COG,ULI,ELC
Person 666,22949,ELC,LTS,ISM,MEC,ASK,ELC
Person 667,11083,SQO,WPB,SJI,WPB,MPY,ESH,SQO
Person 668,28163,BKX,YZV,IIA,MEA,GFN,BKX
Person 669,10760,LGQ,TAP,MXX,ISB,MOO,ISB,LGQ
Person 670,14995,GER,TGH,AKT,YHR,GER,S40,GER
Person 671,11469,SHR,SDY,ANX,JIU,ANX,ISO,SHR
Person 672,6885,EBL,CJM,EBL,YUL,KAC,VXC,EBL
Person 673,14244,DKR,VVC,AWK,EAA,LAR,VVC,DKR
Person 674,6200,MKR,YUS,MWP,JKG,MWP,CPO,MKR
Person 675,8357,TNX,TLU,COQ,BPN,TWB,BPN,TNX
Person 676,4775,YPN,FOK,PAZ,UCT,KYZ,YPN
Person 677,3148,LZU,TPQ,DMB,AFZ,UPG,LZU
Person 678,11892,HOJ,RTW,LBB,CIX,NWI,HOJ
Person 679,11089,SAF,YNC,XYD,GRV,NTY,GRV,SAF
Person 680,14994,NOC,YOL,MQQ,AUC,RPB,MQQ,NOC
Person 681,22150,WDR,GFR,GME,PXH,HYL,WDR
Person 682,8481,XIL,NCU,BCW,NCU,BFF,USK,XIL
Person 683,6813,DJB,YIB,FAA,FKS,TCZ,DJB
Person 684,20693,MCF,WZY,KWZ,IRG,BCO,KWZ,MCF
Person 685,23282,PHL,HYL,WUN,ANM,JYL,PHL
Person 686,11427,OYL,2B2,YGX,SWA,VLS,OYL
Person 687,6112,JJN,OZP,NDR,TOW,PTG,JJN
Person 688,5658,KON,MJM,KON,FUT,PTH,KMJ,KON
Person 689,10082,HMR,FEN,LBZ,HLA,LBZ,LGU,HMR
Person 690,15818,JMU,MBH,JMU,GOR,SAH,YEM,JMU
Person 691,16184,QXR,OME,SGH,JCU,AGB,QXR
Person 692,11301,TWA,LIR,HCQ,KCH,SXR,TWA
Person 693,15449,UUU,FMA,LCX,SKK,YOP,UUU
Person 694,11787,GZP,HHA,UBJ,ZPB,CWL,GZP
Person 695,13141,YNJ,BAH,AAE,EDM,AAE,GAQ,YNJ
Person 696,13580,LKK,KYZ,DNZ,KYZ,AOH,ICT,LKK
Person 697,8231,SFQ,PRY,AFA,OVD,VIF,SFQ
Person 698,21066,VAL,KTP,CLY,TTH,LJG,KTP,VAL
Person 699,17598,HFT,SFT,TUO,LIP,YXH,HFT
Person 700,21075,KSO,WFK,BKL,TCL,FFZ,KSO
Person 701,7411,AUB,PCP,BCV,SCU,PCP,JGD,AUB
Person 702,17075,S46,UAQ,PUD,CCF,UES,S46
Person 703,14412,STP,RZE,BEU,KWA,PPT,STP
Person 704,16334,EAU,TIW,YOC,WJU,QWC,EAU
Person 705,8487,GMP,ADL,GMP,YAW,RKV,CIT,GMP
Person 706,20773,KHW,LBT,CEG,INC,MKZ,KHW
Person 707,17825,YSD,DLC,SKG,GSS,MFI,YSD
Person 708,14987,ZQW,KSY,CLL,BWI,JFK,ZQW
Person 709,21229,IXZ,PPP,IXZ,SCE,NDY,KEX,IXZ
Person 710,2585,TIE,NLT,PRG,RCO,RNE,PRG,TIE
Person 711,4549,BAK,SPD,MWQ,JHS,COZ,BAK
Person 712,25647,ORS,ULP,QRA,PSL,LVR,QRA,ORS
Person 713,23764,BAU,CER,HAM,KMO,ATT,BAU
Person 714,11786,SXB,NUX,PGH,GOY,BOW,SXB
Person 715,11210,YPR,YAA,YEK,AXD,ZAR,YPR
Person 716,6973,GDT,PVA,SBK,KIH,VAM,KIH,GDT
Person 717,8762,TNE,PIH,NEV,DOM,ZTA,TNE
Person 718,12281,CGQ,SJI,MGJ,LHV,BKG,CGQ
Person 719,3116,YVA,KHW,YVA,LAM,TXA,KHC,YVA
Person 720,18666,GVX,CBQ,JHQ,BVG,CBQ,ELH,GVX
Person 721,10652,QUS,MZJ,DRT,STD,NNR,QUS
Person 722,5413,IAG,YYY,EVG,UKX,DHI,IAG
Person 723,31217,YIV,NLC,GOV,CNG,ERY,YIV
Person 724,5452,YIH,ADH,LRL,MJA,KEM,ADH,YIH
Person 725,7771,BSC,FNR,YZW,RMY,HFD,BSC
Person 726,10889,YXT,EGN,SLI,TLD,MGH,YXT
Person 727,11862,PCZ,LYB,TAB,NYN,KEK,PCZ
Person 728,32,TCH,SMS,MXV,BTH,IPC,TCH
Person 729,22143,DWS,LDJ,EAU,YAV,ROT,DWS
Person 730,9558,3J1,LGS,ALY,IXS,NGS,3J1
Person 731,17461,C23,ABF,AXR,PTU,YQR,AXR,C23
Person 732,14985,UTP,UIH,FAY,DDC,CEZ,UIH,UTP
Person 733,5170,CMU,KKX,KEV,MUW,VVZ,KKX,CMU
Person 734,14479,SSB,RAF,TMX,UNK,AGS,SSB
Person 735,22080,ANB,BQK,BUX,DBO,BUX,CFD,ANB
Person 736,10475,CDS,UES,FDE,SLD,FDE,USM,CDS
Person 737,19755,SNC,MCE,MJB,PPS,JCB,SNC
Person 738,10845,NAQ,AAT,VST,PLS,E91,NAQ
Person 739,3585,JJN,OKI,AVI,HOV,OKI,BUA,JJN
Person 740,34600,SSI,BEC,NPL,JCO,SFZ,SSI
Person 741,16417,CVS,MKO,SIG,GWW,ULG,CVS
Person 742,2125,NDC,KCZ,BIY,POL,WRO,NDC
Person 743,17758,YHB,LDO,ADE,KDD,ADE,OFU,YHB
Person 744,28665,FLS,TTT,TRM,RDD,BEQ,TTT,FLS
Person 745,15802,ZMA,CEQ,CCJ,RYY,CIU,ZMA
Person 746,18233,SLQ,VER,SMZ,OCC,VER,ERF,SLQ
Person 747,23780,SUF,GHB,FBS,KGS,TAR,SUF
Person 748,18826,OAL,PSR,PDL,RVR,YPA,OAL
Person 749,3706,EIN,STO,YIC,TTS,HOG,EIN
Person 750,14738,YMM,EUM,AQI,IJD,ERI,YMM
Person 751,13998,ADX,IDY,OTP,ZFA,O03,ADX
Person 752,15179,YKG,GNU,LYG,OTI,BGY,YKG
Person 753,23428,AKF,ENA,SBP,ZRT,JPR,AKF
Person 754,6190,YTE,BOC,PSO,GUQ,PSO,DBM,YTE
Person 755,7901,ISB,LPB,MCU,BBH,ISB,MOH,ISB
Person 756,22204,UTU,C91,FAB,DDG,BXB,UTU
Person 757,10628,CEW,GND,ELG,WEL,ELG,KPB,CEW
Person 758,18661,SOY,YBT,POB,ASU,ODB,SOY
Person 759,5622,BJL,WHF,ACP,LSY,TNE,ACP,BJL
Person 760,16721,DSM,EPU,MJZ,HGU,MJZ,IFP,DSM
Person 761,9195,GRB,VTB,HIR,YIH,JNZ,VTB,GRB
Person 762,9931,UKS,KWY,MFA,LPC,YNA,UKS
Person 763,14333,OPF,IJD,TNF,ESU,BFI,OPF
Person 764,20507,FRL,LYN,DOM,IBE,RNP,IBE,FRL
Person 765,6810,KND,IJK,YLK,KND,MCF,FBA,KND
Person 766,8313,VBV,IZA,KMP,LDI,GAS,LDI,VBV
Person 767,17126,CHS,HCR,PTA,UTM,BFQ,CHS
Person 768,10889,ERY,OER,KUF,UPG,AKI,ERY
Person 769,9202,OAM,LYI,VTZ,KDU,CZW,KDU,OAM
Person 770,8011,MEZ,ENY,TSN,CIL,GYM,MEZ
Person 771,11941,38W,ZRZ,ZPC,KBU,SLV,KBU,38W
Person 772,13319,FTY,ORF,BSL,KRL,YNY,FTY
Person 773,6276,FKI,TNN,ZGI,QYD,GSQ,FKI
Person 774,11042,WTP,GDX,QRA,KTL,LHV,GDX,WTP
Person 775,18390,OHE,NAA,PKG,OHE,3G3,HKB,OHE
Person 776,21590,MCF,PSD,LBZ,RCM,LBZ,GTU,MCF
Person 777,7091,XCR,LRR,IIS,KMA,UBJ,LRR,XCR
Person 778,25908,QQW,PGF,ERM,HNL,CKD,QQW
Person 779,25765,YOC,NST,GIB,QNV,PEQ,YOC
Person 780,21257,NQI,DEN,LIN,SYX,RNL,NQI
Person 781,11060,3J1,BOO,QUS,STS,TYR,3J1
Person 782,17997,DNL,RZE,ABJ,MWZ,NOA,MWZ,DNL
Person 783,1095,PJC,EAE,PJC,WOE,PED,GJL,PJC
Person 784,18655,OKR,GNS,YGX,SCN,PNV,GNS,OKR
Person 785,15976,ZRJ,ACA,KGO,BWU,HNS,ZRJ
Person 786,14784,BUF,BVB,LES,DSK,LAM,BUF
Person 787,8627,MXJ,POM,VVO,PIP,VVO,EDO,MXJ
Person 788,11870,CLE,PXO,OVS,TNE,BPN,CLE
Person 789,22054,OGL,EUA,HYL,FBA,OGL,SKU,OGL
Person 790,13518,GGR,AXA,CXI,CCL,ITM,GGR
Person 791,16214,PCZ,EOI,FEG,SWP,FEG,IPL,PCZ
Person 792,19122,FDY,YTM,OLN,BHQ,OLN,2A0,FDY
Person 793,9501,PSZ,YUD,TRN,SSX,MKS,PSZ
Person 794,20385,OLT,BEC,AUF,RMP,SJC,OLT
Person 795,19000,PQI,VGZ,PTJ,VGZ,JIK,RAK,PQI
Person 796,12863,TIK,EUG,MLY,PBU,TCZ,PBU,TIK
Person 797,12292,CWI,ESE,PBM,BBP,YRG,CWI
Person 798,12391,TGC,TKS,TAS,NIP,CCM,TAS,TGC
Person 799,17341,BIF,YVT,MAN,KIF,COU,BIF
Person 800,18258,BMP,LKK,YBZ,YHO,ANX,BMP
Person 801,5236,DUJ,QFI,SEL,ARD,RAM,ARD,DUJ
Person 802,15650,PNT,BSC,ISC,MLD,BSC,ULB,PNT
Person 803,14626,FMH,HUX,TUN,KGX,MKE,FMH
Person 804,6716,RAI,YPC,STW,SRI,DUH,RAI
Person 805,12592,SSI,YGL,JCH,CAX,JCH,RIU,SSI
Person 806,21058,LWC,TOH,AGQ,CLY,GSP,LWC
Person 807,8811,E91,PKC,AEB,EVN,ERV,E91
Person 808,15546,CNL,EPU,CNL,BTU,VAV,IWD,CNL
Person 809,14967,JUM,IGA,MDT,AJA,BHU,JUM
Person 810,9701,JGS,WGP,SMD,SLU,AJF,JGS
Person 811,13138,IWD,XIY,COH,LFI,BHM,IWD
Person 812,15233,XMY,WTA,0G6,HAD,PZB,WTA,XMY
Person 813,7842,AUS,PSX,CZE,YJM,KEW,AUS
Person 814,5777,LRE,TXG,SZX,TXG,EYK,ADL,LRE
Person 815,8704,BDH,LGC,RYB,BDH,MUB,GMB,BDH
Person 816,19051,UTT,SPZ,LRF,YSC,KFX,UTT
Person 817,10686,HUF,NQU,KKC,FUE,SCH,HUF
Person 818,4938,KON,SMZ,RHD,SCX,TUL,SCX,KON
Person 819,7290,OSL,HYS,SVI,ORK,OSL,WAW,OSL
Person 820,12530,MYE,FOG,MAX,O27,CLM,MYE
Person 821,20238,YSB,BUG,KAT,TEX,HFD,YSB
Person 822,7532,JZP,PPE,NYM,DIN,IRC,PPE,JZP
Person 823,8302,IBZ,AGA,MFQ,MNU,LAF,AGA,IBZ
Person 824,7821,TOJ,JSH,KCM,KAU,ZCN,TOJ
Person 825,12599,DVT,MMJ,AEX,OSW,RKZ,DVT
Person 826,16589,TUV,SVG,MAV,MHR,GCM,TUV
Person 827,28147,FMO,SWP,ULI,MHV,IMT,FMO
Person 828,13084,CFG,WEF,LDE,CDI,AIA,CFG
Person 829,10883,DZA,OVA,KAJ,YAX,AGU,DZA
Person 830,15891,GKK,IXL,RES,RSJ,CIA,IXL,GKK
Person 831,8899,AGF,OZP,STT,MHA,PHY,AGF
Person 832,3920,JNX,AAQ,HET,AAQ,OSL,TAT,JNX
Person 833,12314,PBJ,OQN,GWT,MVB,KRV,MVB,PBJ
Person 834,22220,BSJ,RSD,CAX,WMI,LKL,BSJ
Person 835,11240,QNX,FRJ,ABK,ORJ,RVS,ORJ,QNX
Person 836,8791,SEA,UMD,KGP,OKD,ATP,OKD,SEA
Person 837,2986,BHR,GVL,CMW,STD,CMW,SKV,BHR
Person 838,14105,GBZ,MRO,ATB,MUH,LSZ,MUH,GBZ
Person 839,15526,UMP,BRM,TKQ,MAJ,YCR,UMP
Person 840,20067,UAM,WWP,LYH,FFD,BUD,UAM
Person 841,17689,TIY,ZMU,TIY,PBV,SAF,UDG,TIY
Person 842,10736,LUH,HIN,TIM,DYS,HIN,ADD,LUH
Person 843,14836,MCI,CFN,KHT,HIF,TXK,MCI
Person 844,15847,MPY,BJO,BBI,CWL,FEN,MPY
Person 845,10598,FTY,PRA,MKP,TNJ,YRG,FTY
Person 846,8426,GUR,YNT,GRY,1G3,UUU,GRY,GUR
Person 847,11266,MBS,ESS,TGM,DJB,MLB,MBS
Person 848,12781,WIL,WLG,CPC,YXR,INZ,WIL
Person 849,22077,BED,GNU,XMH,RVT,XMH,RYY,BED
Person 850,10709,PRI,WDH,GBK,EEK,TUV,GBK,PRI
Person 851,13425,GCJ,SPY,BUI,YBL,BHX,SPY,GCJ
Person 852,8385,KHD,KHT,KHD,YHZ,GLQ,LTQ,KHD
Person 853,16988,YLH,DES,QBC,PUB,06N,YLH
Person 854,5784,LOU,MKG,GTF,SNY,HLR,LOU
Person 855,6361,PEX,PKY,MOC,WDH,ALL,PEX
Person 856,11428,FIH,PFQ,0S9,FLR,ETH,PFQ,FIH
Person 857,24159,VNW,SCV,NPE,KAE,DDC,VNW
Person 858,13405,KTG,LAM,ZVE,LOH,VLG,KTG
Person 859,14349,MDL,FLV,SIT,EEN,IXK,MDL
Person 860,15780,WFB,NST,LBT,UGN,CWI,WFB
Person 861,14227,NLF,FNL,DRM,YGK,FON,NLF
Person 862,7097,MZR,NGE,RTB,KOK,FRJ,NGE,MZR
Person 863,23127,BXS,PUE,HMB,BBO,KAT,BXS
Person 864,19549,DNP,PSC,SPC,RVY,PNP,DNP
Person 865,5844,ECN,CPA,MEE,CYP,DAC,ECN
Person 866,12583,IQM,KTG,LDH,KTG,BIO,EPU,IQM
Person 867,12312,NAV,ZAG,BHP,HNL,BHP,ADA,NAV
Person 868,6392,QUA,BSG,PTG,BSG,IPC,SJI,QUA
Person 869,6094,FBD,NNY,KUM,PWT,VEY,FBD
Person 870,14198,PIB,MID,OMB,BLT,HYL,PIB
Person 871,16835,GZP,LLV,DTA,NQI,PMO,GZP
Person 872,21378,C16,LGW,LDG,NLF,LDG,JTC,C16
Person 873,13415,MTL,CVM,CDI,TRI,VDF,CVM,MTL
Person 874,9787,BND,RIW,CPB,AUR,BND,BWA,BND
Person 875,40198,XTG,ASI,BLH,NID,AWK,XTG
Person 876,6485,TEM,ICN,CSH,PWE,GYS,ICN,TEM
Person 877,7406,OSP,MUW,PMS,DTA,YQD,OSP
Person 878,5482,TNO,TWU,MBA,SGH,YZR,TNO
Person 879,14364,RWI,ECG,UTC,KTW,UTO,RWI
Person 880,10781,RGN,BDJ,ZML,HNH,BKC,RGN
Person 881,7859,UBP,TZR,YBX,TOJ,XYJ,UBP
Person 882,7720,BLF,KEF,GJR,ILU,TUW,BLF
Person 883,20741,MVR,CFS,UGO,MVR,Y72,YOJ,MVR
Person 884,9372,DRT,ABY,LWM,MQS,MZJ,DRT
Person 885,22258,1H2,CFE,DLC,APZ,BAB,1H2
Person 886,22999,SCY,ANX,OMF,MJD,DGE,MJD,SCY
Person 887,24274,DVA,MHU,SGJ,CKB,AGP,DVA
Person 888,7793,M94,CEZ,ZUN,PNE,OTR,M94
Person 889,8599,NAL,YES,LKH,YES,YXZ,ZLT,NAL
Person 890,14341,NDY,NIM,KMN,YVG,HVN,NDY
Person 891,11436,MLB,RDM,KFP,AOJ,INH,MLB
Person 892,18125,APZ,TVU,ADS,HTL,CAI,APZ
Person 893,2205,DNP,DZN,BIY,QXR,DZN,WNZ,DNP
Person 894,17244,ATJ,PCZ,YHZ,KME,ATJ,BNE,ATJ
Person 895,12550,PAF,TUS,ZKP,TAY,ZKP,JIJ,PAF
Person 896,10717,OMR,ZZU,BPY,SEM,LMO,OMR
Person 897,15404,KAL,PDS,VCP,LHC,PDS,JAT,KAL
Person 898,11324,BAF,MTT,BNY,MFA,NOE,BAF
Person 899,11833,AVL,LGO,CFU,HRM,YIW,HRM,AVL
Person 900,16522,MPV,LOU,PNZ,NQN,KTT,MPV
Person 901,13416,SSE,ILR,YWP,ILR,WPR,MOO,SSE
Person 902,3222,TUK,PAJ,PNK,FCO,SCO,TUK
Person 903,23361,MJN,SJC,NDK,KHM,PIS,MJN
Person 904,24540,DBM,NQA,GUT,DBM,AKL,SLJ,DBM
Person 905,14657,LYX,AVI,PEU,ENV,FCS,AVI,LYX
Person 906,13086,MGL,YDP,FFO,YQN,QPA,MGL
Person 907,13340,SWX,PUU,PKC,RAL,PUU,MWB,SWX
Person 908,2157,TSB,MTS,ORN,PED,ORN,REY,TSB
Person 909,17745,KNO,YBR,ZFA,VNA,ONB,VNA,KNO
Person 910,21378,CZS,PAQ,MME,LVA,VBS,CZS
Person 911,23478,BFJ,KSF,FFT,ABL,BFJ,MDU,BFJ
Person 912,14452,MCD,BBH,KSC,ASV,AUO,MCD
Person 913,8552,FFD,DRS,KZR,BJP,APO,FFD
Person 914,7999,SRA,MTR,TEQ,XDS,BKW,MTR,SRA
Person 915,23911,ERI,CUZ,BXO,WMP,BKH,ERI
Person 916,14998,BTR,ERN,VSG,LSA,ISN,BTR
Person 917,9676,MZM,RRS,A39,AIZ,OBY,MZM
Person 918,12255,LSW,ANQ,JRB,MSQ,PPP,LSW
Person 919,5547,JUI,TGM,NOI,LSQ,YBB,JUI
Person 920,18083,LYT,NFO,LGU,YNC,MRE,LYT
Person 921,19883,JCA,YXK,TPN,GNM,JIU,JCA
Person 922,27756,TUC,JAT,UJE,LEJ,ZWU,TUC
Person 923,16787,EAM,VIN,FYU,AXP,BES,VIN,EAM
Person 924,11496,EMN,DKR,SRZ,DKR,WHD,VNE,EMN
Person 925,17055,ORD,YCM,CFR,OKI,BHZ,ORD
Person 926,20167,YDA,EGV,TUC,TOJ,BTT,YDA
Person 927,14688,HNS,HON,NTU,LPY,SCO,HNS
Person 928,15510,LUW,C65,GCW,BXS,OLM,LUW
Person 929,11765,GRP,AEH,LIX,LID,AEH,RSD,GRP
Person 930,13428,QPA,ZBR,KPR,YBL,CQF,QPA
Person 931,12018,TOC,BEZ,MTV,PBH,KTL,TOC
Person 932,6044,UAB,GRJ,MKZ,LYG,SAW,UAB
Person 933,14956,MDQ,TME,NIG,BET,SVC,TME,MDQ
Person 934,11937,KIV,CBO,TRO,CBO,ATC,AES,KIV
Person 935,7121,SMD,LKN,FUJ,VLS,LCK,SMD
Person 936,10947,RIA,CIX,AET,WEF,KUU,RIA
Person 937,4250,MER,PDS,C47,PDS,FON,BWA,MER
Person 938,3980,YCN,APG,CTG,GWL,ALU,YCN
Person 939,13249,CHM,ZMT,CLE,YYR,DBV,CHM
Person 940,11886,ISB,DNA,BIK,DEN,SOT,ISB
Person 941,18207,BDU,NIG,ZML,LYU,BDU,TTB,BDU
Person 942,6497,ACE,ESX,HUV,TXK,NLD,ACE
Person 943,17022,REG,ELS,MQI,LBG,LEU,REG
Person 944,18482,CWI,SPI,HOG,MUA,AMM,CWI
Person 945,21293,TPN,APZ,JAB,YPR,WIH,TPN
Person 946,11868,NAI,PPC,QQS,BJV,ASV,NAI
Person 947,20854,BLD,O27,IWJ,ESH,PHF,BLD
Person 948,13245,BRT,AWD,WJU,E51,YHF,WJU,BRT
Person 949,20780,AIM,A50,IIA,KSD,XMY,AIM
Person 950,17024,LGB,OLM,IIS,KKD,FST,LGB
Person 951,21023,HIW,GNV,RBM,SIK,BEQ,HIW
Person 952,15698,HEL,HNA,YSK,EDM,SKG,HEL
Person 953,8096,RNT,DKK,FFC,JBQ,QCJ,JBQ,RNT
Person 954,13531,BON,OBC,PRH,DLY,GHE,BON
Person 955,16773,HEK,KHV,OTD,DLH,BKH,KHV,HEK
Person 956,17320,36U,SHB,NAJ,SHB,UVE,SXO,36U
Person 957,7307,PRV,TVY,YDA,HEN,PRV,TLN,PRV
Person 958,672,BTJ,REL,PPN,NEZ,MGZ,BTJ
Person 959,17404,KGP,BFV,KGP,BUR,CKS,TSO,KGP
Person 960,11308,FCM,RMY,TID,PZI,TID,UDD,FCM
Person 961,13608,LOZ,VYS,DIK,ILO,KGL,LOZ
Person 962,11192,HYS,MOA,ESR,BWE,QKL,HYS
Person 963,7276,SYQ,TPC,SYQ,GEG,RHI,TBN,SYQ
Person 964,9628,BHY,MJU,LNR,POT,MHX,MJU,BHY
Person 965,13581,KTA,KRL,THU,LBL,OFF,THU,KTA
Person 966,14027,OSC,YMS,GVR,FUO,RHI,OSC
Person 967,10666,YEK,DJG,RNA,DHT,EWK,YEK
Person 968,18204,SAC,INT,ORK,SZG,GWE,SAC
Person 969,13169,NQI,YTF,KWG,DNA,MKR,DNA,NQI
Person 970,24802,YYF,HME,CEI,HME,PSY,L35,YYF
Person 971,11337,MFU,PEW,NJK,BTI,BZK,MFU
Person 972,17734,PJA,YUD,PJA,PLW,ZPC,BAH,PJA
Person 973,26735,LAY,INV,HCC,YGR,LAY,DMD,LAY
Person 974,19861,MYF,CAG,ZQW,LNR,KIN,MYF
Person 975,19014,MLT,VLL,ENS,LTU,PTF,LTU,MLT
Person 976,27860,LVO,PDB,FLG,HZL,RAE,LVO
Person 977,15820,JKA,SCS,PDV,MNC,DOY,JKA
Person 978,15786,NEG,TSJ,LUX,KPC,MZJ,NEG
Person 979,4979,CFN,OSD,XBJ,KAR,EFL,CFN
Person 980,5267,KER,NTE,AZD,TAH,INH,KER
Person 981,11782,TWU,MXM,PLZ,MXM,HCR,C23,TWU
Person 982,24044,RNM,SPZ,SHB,KTA,SHB,TIV,RNM
Person 983,12736,BKX,LGB,HUX,SXF,YAG,BKX
Person 984,10905,CLL,CPE,RNE,FRW,USM,CLL
Person 985,7161,OSL,HAH,SIQ,ISM,YDF,OSL
Person 986,10596,CKD,JOK,JGC,0S9,SYB,CKD
Person 987,20522,TPS,BWA,PHK,BTI,IIA,TPS
Person 988,4971,RVK,THL,HIR,THL,VOL,CMN,RVK
Person 989,15155,MBU,KTN,RHI,PGF,YAO,MBU
Person 990,19344,DTS,RKH,BGS,BEV,SNP,DTS
Person 991,10210,TOU,LOP,DUT,AGE,GDZ,LOP,TOU
Person 992,18251,VRU,BQU,AGN,KEJ,PNI,KEJ,VRU
Person 993,14546,ARM,AUJ,ROI,EYW,CCI,ARM
Person 994,35372,LWS,MRO,KOX,SUA,TIX,LWS
Person 995,7387,TOT,XAX,AMV,REN,MCZ,TOT
Person 996,13714,R49,CNY,PLN,TUU,FTX,R49
Person 997,12042,06N,YHZ,RVR,MCK,MWH,06N
Person 998,18993,EAS,SUJ,KWI,SUJ,ALX,ZUM,EAS
Person 999,9088,RZP,SRG,YBO,CAF,SLA,SRG,RZP
